115567,BAIRRO SOARES,177716,"BAIRRO SOARES, SN -  - 00000000"
135709,JARDIM DAS OLIVEIRAS,177717,"JARDIM DAS OLIVEIRAS, SN -  - 06700000"
115569,FAZENDA SANTA ELISA,177718,"FAZENDA SANTA ELISA, SN - VILA MARINGA - 13210000"
115570,JARDIM DAS ACACIAS,177719,"JARDIM DAS ACACIAS, SN -  - 00000000"
115571,JARDIM DAS ACACIAS,177719,"JARDIM DAS ACACIAS, SN -  - 00000000"
115572,JARDIM DAS ACACIAS,177719,"JARDIM DAS ACACIAS, SN -  - 00000000"
135710,JARDIM DAS ACACIAS,177719,"JARDIM DAS ACACIAS, SN -  - 00000000"
115573,BAIRRO MIRIM,177720,"BAIRRO MIRIM, SN -  - 00000000"
115574,FAZENDA SAO BRAZ,177721,"FAZENDA SAO BRAZ, SN -  - 12821000"
115575,FAZENDA SAO JOAO DA BOA VISTA,177722,"FAZ SJOAO DA BOA VISTA, SN - RANCHO GRANDE - 12850000"
115576,FAZENDA BARRO BRANCO,177723,"FAZENDA BARRO BRANCO, SN - PINHEIROS - 12760000"
115577,BAIRRO CAMPO BELO,177724,"CAMPO BELO, SN -  - 00000000"
135711,BAIRRO GABRIEL PIZA,167538,"BAIRRO GABRIEL PIZA, SN -  - 18130000"
115578,FAZENDA TAMANDUA,177725,"TAMANDARE, SN -  - 15990000"
115579,BAIRRO DO TANQUE,177726,"BAIRRO DO TANQUE, SN -  - 00000000"
115580,JARDIM SAO MIGUEL,177727,"JDSAO MIGUEL, SN -  - 00000000"
115581,ASSENTAMENTO II,177728,"ASSENTAMENTO II, SN - CENTRO - 13170000"
115582,RECREIO ALVORADA,177729,"RECREIO ALVORADA, SN - CENTRO - 13170000"
115583,FAZENDA BELA VISTA,177730,"BELA VISTA, SN -  - 14800000"
135712,FAZENDA TAMBORIL,177731,"TAMBORIL, SN -  - 14780000"
115584,BAIRRO BOA ESPERANCA,177732,"BAIRRO BOA ESPERANCA, SN - CENTRO - 14745000"
115585,FAZENDA MACAUBAS,177733,"MACAUBAS, SN - CENTRO - 14300000"
115586,FAZENDA RECANTO DA LAGOA,177734,"RECANTO DA LAGOA, SN - CENTRO - 14460000"
135713,FAZENDA TAQUARAL,177735,"FAZENDA TAQUARAL SEGUNDA, SN - JARDIM SAMELLO V - 14410000"
115587,FAZENDA JABORANDI,169228,"FAZENDA JABORANDI, SN - CENTRO - 14460000"
115588,FAZENDA CACHOEIRINHA,177736,"CACHOEIRINHA, SN - CENTRO - 14460000"
115589,FAZENDA AREIAS,177737,"AREIAS, SN - CENTRO - 14460000"
115590,FAZENDA SAO PEDROSEGUNDA,177738,"SAO PEDRO, SN - CENTRO - 14480000"
115591,FAZENDA SAO LUIS,177739,"SAO LUIS, SN - CENTRO - 14420000"
135714,PATROCINIO PAULISTA,177740,"PATROCINIO PAULISTA, SN - JARDIM SAMELLO V - 14410000"
115592,FAZENDA SANTA CRUZ,177741,"SANTA CRUZ, SN - USINA ESTREITO - 14470000"
115593,FAZENDA INDAIA,177742,"INDAIA, SN - USINA ESTREITO - 14470000"
115594,FAZENDA CAPOEIRA COMPRIDA,177743,"CAPOEIRA COMPRIDA, SN - USINA ESTREITO - 14470000"
115595,FAZENDA CURRAL DAS PEDRASSEGUNDA,177744,"CURRAL DAS PEDRAS, SN - USINA ESTREITO - 14470000"
135715,FAZENDA NOVA ESPERANCA,177745,"NOVA ESPERANCA, SN - CENTRO - 14430000"
115596,FAZENDA BOA ESPERANCA,177746,"BOA ESPERANCA, SN - CENTRO - 14430000"
115597,FAZENDA SANTA ALCINA,177747,"SANTA ALCINA, SN - CENTRO - 14440000"
115598,BAIRRO MONJOLINHO,177748,"BAIRRO MONJOLINHO, SN - CENTRO - 14350000"
115599,FAZENDA MORRO SELADO,177749,"FAZ MORRO SELADO, SN - CENTRO - 14350000"
135716,FAZENDA FORTALEZA AGRUP A 358356,169187,"FAZENDA FORTALEZA, SN - CENTRO - 14350000"
115600,FAZENDA CRESCIUMA,169542,"FAZENDA CRESCIUMA, SN - CENTRO - 14680000"
115601,FAZENDA MATA DA CHUVA,169545,"FAZENDA MATA DA CHUVA, SN - CENTRO - 14680000"
115602,FAZENDA SERRA,169547,"FAZENDA SERRA, SN - CENTRO - 14680000"
135717,FAZENDA POSSES,169270,"FAZENDA POSSES, SN - CENTRO - 14240000"
115604,FAZENDA SAO JOAQUIM,169632,"FAZENDA SAO JOAQUIM, SN - CENTRO - 14210000"
115605,FAZENDA LAGOA ALTA,177750,"FAZENDA LAGOA ALTA, SN -  - 13090000"
115606,FAZENDA BOA VISTINHA,177751,"FAZENDA BOA VISTINHA, SN -  - 13090000"
135718,FAZENDA S JOSE DA JACUTINGA,177752,"FAZENDA S JOSE DA JACUTINGA, SN -  - 13090000"
115607,FAZENDA ROCHA,174590,"FAZENDA ROCHA, SN - CENTRO - 13660000"
115608,FAZENDA NOSSA SENHORA DA PENHA,177753,"FAZENDA N SRA DA PENHA, SN - DISTRITO DE GUARAPIRANGA - 13580000"
115609,FAZENDA MONTE BELO,169715,"FAZENDA MONTE BELO, SN - DISTRITO DE GUARAPIRANGA - 13580000"
115610,BAIRRO DA LAGOA,177754,"BAIRRO DA LAGOA, SN - CENTRO - 14955000"
115611,BAIRRO TRES BARRAS,177755,"TRES BARRAS, SN - CENTRO - 14955000"
135719,BAIRRO CAMPO BELO,174648,"BAIRRO CAMPO BELO, SN - CENTRO - 14940000"
115612,BAIRRO NHA LUZ,177756,"BAIRRO NHA LUZ, SN -  - 00000000"
115613,CL PROVIII JTO A EEPSG FRANCISCO VICENTE LGONCALVES,176075,"R FRANCISCO ANDUGAR SPINOSA 18, SN -  - 06750000"
115614,BAIRRO DA PEDRA LISA,165492,"FAZENDA SAMA, SN - BARNABES - 06950000"
115615,PICO DO SERROTE,177757,"PICO DO SERROTE, SN -  - 00000000"
115616,FAZENDA IPIRANGA,177758,"FAZENDA IPIRANGA, SN -  - 00000000"
135720,FAZENDA RECREIO,177759,"FAZENDA RECREIO, SN -  - 00000000"
115617,FAZENDA BARRO PRETO,177760,"BARRO PRETO, SN -  - 13730000"
115618,SITIO DO ROCHA,177761,"SITIO DO ROCHA, SN -  - 00000000"
115619,BAIRRO DOS FRADES,177762,"FRADES, SN -  - 00000000"
115620,FAZENDA SAO FRANCISCO,177763,"FAZSAO FRANCISCO, SN -  - 13400000"
115621,ITAQUERI DA SERRA,168962,"ITAQUERI DA SERRA, SN - CENTRO - 13530000"
135721,ESTACAO DE GRAUNA,168960,"ESTACAO DE GRAUNA, SN - CENTRO - 13530000"
115622,FAZENDA AMOREIRA,177764,"FAZENDA AMOREIRA, SN - CENTRO - 17570000"
115623,FAZENDA SANTO ALBINO,177765,"FAZENDA STO ALBINO, SN - CENTRO - 15110000"
115624,CORREGO DO IPE,177766,"CORREGO DO IPE, SN -  - 00000000"
115625,BAIRRO DOS PEOES,174814,"BAIRRO DOS PEOES, SN - CENTRO - 15890000"
135722,BAIRRO DO BONFIM,171159,"BAIRRO DO BONFIM, SN - CENTRO - 15890000"
115626,FAZENDA CACIC,177767,"FAZENDA CACIC, SN - DALAS - 15720000"
115627,DO ESPIRITO SANTO,177768,"DO ESPIRITO SANTO, SN -  - 00000000"
115628,WALDEMAR LOPES FERRAZ DEP,177769,"BAIRRO DE POCAO, SN -  - 00000000"
115629,FAZENDA CORREDEIRA,177770,"FAZENDA CORREDEIRA, SN -  - 00000000"
115630,BAIRRO TOME GONCALVES,177771,"ESTRADA ARY JORGE ZEITUME, SN - AGUAZUL - 07158000"
115631,FAZENDA ESMERALDA,177772,"FAZENDA ESMERALDA, SN -  - 00000000"
135723,BAIRRO MOMBACA,167524,"MOMBACA, SN -  - 18130000"
115632,BAIRRO MIRIM,177773,"MIRIM, SN -  - 18130000"
115633,BAIRRO GABRIEL PIZA,167538,"BAIRRO GABRIEL PIZA, SN -  - 18130000"
115634,BAIRRO CACHOEIRA,177774,"CACHOEIRA, SN - CENTRO SAO JOAO NOVO - 18140000"
135724,BAIRRO CAMPO VERDE,177775,"CAMPO VERDE, SN - CENTRO SAO JOAO NOVO - 18140000"
115635,BAIRRO CARMO MESSIAS,167464,"CARMO MESSIAS, SN - CENTRO SAO JOAO NOVO - 18140000"
115636,BAIRRO PAIOL PEQUENO,167465,"PAIOL PEQUENO, SN - CENTRO SAO JOAO NOVO - 18140000"
115637,BAIRRO PIRATUBA,167452,"PIRATUBA, SN - CENTRO SAO JOAO NOVO - 18140000"
135725,BOA ESPERANCA DOESTE,177776,"BOA ESPERANCA DOESTE, SN -  - 00000000"
115639,ESTACAO CANINDE,177777,"ESTACAO CANINDE TERCEIRA, SN -  - 00000000"
115640,FAZENDA ITAUNA,177778,"ITAUNA, SN - VILA NOVA ITATINGA - 18690000"
135726,FAZENDA SANTA HELENA,177779,"FAZ STA HELENA, SN - VILA NOVA ITATINGA - 18690000"
115641,FAZENDA AGUA BONITA,177780,"FAZ AGUA BONITA, SN - VILA NOVA ITATINGA - 18690000"
115642,BAIRRO MARISTELA,177781,"BAIRRO MARISTELA, SN -  - 00000000"
115643,BAIRRO DOS ALMEIDAS,177782,"BAIRRO DOS ALMEIDAS, SN - CENTRO - 18260000"
115644,BAIRRO COROARA,177783,"BAIRRO COROARA, SN -  - 00000000"
115645,JARDIM ALBATROZ,177784,"JARDIM ALBATROZ, SN -  - 11280000"
135727,FAZENDA BOA VONTADE,177785,"FAZENDA BOA VONTADE, SN -  - 00000000"
115646,ESTRADA CATORZE,177786,"ESTRADA CATORZE, SN -  - 00000000"
115647,SITIO NOSSA SENHORA APARECIDA,177787,"SITIO N SRA APARECIDA, SN - CENTRO - 15840000"
115648,BAIRRO AGUA LIMPA DO CERVO,177788,"B AGUA LIMPA DO CERVO, SN - CENTRO - 15840000"
115649,CORREGO DO RETIRO,171217,"CORREGO DO RETIRO, SN - CENTRO - 15530000"
135728,VILA SANTA MARIA,170801,"VILA SANTA MARIA, SN - CENTRO - 15190000"
115650,FAZENDA PETENA,177789,"FAZENDA PETENA, SN - CENTRO - 11850000"
115651,BAIRRO CAROARA,177790,"CAROARA, SN -  - 11280000"
115652,JARDIM ALBATROZ,177784,"JARDIM ALBATROZ, SN -  - 11280000"
115653,JARDIM ALBATROZ,177784,"JARDIM ALBATROZ, SN -  - 11280000"
115654,FAZENDA SAO FRANCISCO DA PRATA AGRUP A 512515,177791,"SAO FRANCISCO DA PRATA, SN -  - 14780000"
115655,FAZENDA BELA,177390,"FAZENDA BELA, SN -  - 18157000"
135729,FAZENDA CACIC,177767,"FAZENDA CACIC, SN - DALAS - 15720000"
115656,BAIRRO DO ESPIRITO SANTO,177792,"BAIRRO DO ESPIRITO SANTO, SN - DALAS - 15720000"
115657,BAIRRO DO POCAO,177793,"BAIRRO DO POCAO, SN - DALAS - 15720000"
115658,JARDIM DAS OLIVEIRAS,177717,"JARDIM DAS OLIVEIRAS, SN -  - 06700000"
115659,JARDIM DAS OLIVEIRAS,177717,"JARDIM DAS OLIVEIRAS, SN -  - 06700000"
115660,PARQUE AGRESTE,177794,"AGRESTE, SN - CENTRO - 06730000"
135730,PARQUE AGRESTE,177794,"AGRESTE, SN - CENTRO - 06730000"
115661,BAIRRO PIRAPORINHA DE CIMA,167815,"BAIRRO PIRAPORINHA, SN - CENTRO - 18160000"
115662,CHACARA SANTA INES,177795,"LOTEAMENTO CHACARA STA INES, SN - CHACARA STA INES - 13300000"
115663,BAIRRO DOS CARVALHOS,177796,"FAZ SITIO PICA PAU AMARELO, SN -  - 13300000"
115664,FAZENDA BOA VONTADE  AGRUP A 554418,177797,"FAZ BOA VONTADE, SN -  - 00000000"
135731,ESTRADA CATORZE,177786,"ESTRADA CATORZE, SN -  - 00000000"
115665,BAIRRO TAQUARUCU,177798,"BAIRRO TAQUARUCU, SN -  - 00000000"
115666,AGRUPAMENTO DIVINEIA,177799,"AGRUPAMENTO DIVINEIA, SN - CENTRO - 18770000"
115667,FAZENDA ANGLO,177800,"FAZENDA ANGLO, SN - CENTRO - 18770000"
115668,FAZENDA SAO BENTO,177801,"FAZENDA SAO BENTO, SN - CENTRO - 18730000"
135732,BAIRRO DAS ARARAS,177802,"BAIRRO DAS ARARAS, SN - CENTRO - 18730000"
115669,CHACARA SANTA INES,177803,"CHACARA SANTA INES, SN - AVECUIA DO ALTO - 18540000"
115670,FAZENDA TAPERAO,177804,"FAZ TAPERAO, SN - CENTRO - 15440000"
115671,FAZENDA PINHAL,167580,"FAZENDA PINHAL, SN - CENTRO - 18550000"
115672,CIDADE VELHA,177805,"REDENCAO DA SERRA, SN -  - 00000000"
135733,SERGIO PEREIRA PORTO FISICO,177806,"ESTRADA VELHA DE INDAIATUBA, SN -  - 00000000"
115674,BAIRRO LEMES DE CIMA,177807,"BAIRRO LEMES DE CIMA, SN -  - 18300000"
115675,BAIRRO BARREIRO,177808,"BAIRRO BARREIRO, SN -  - 18300000"
135734,BAIRRO DOS BERNARDOS,167097,"BAIRRO DOS BERNARDOS, SN - CENTRO - 18440000"
115676,BAIRRO DE ENGENHEIRO MAIA,177809,"BAIRRO DE ENG MAIA, SN - CENTRO - 18440000"
115677,BAIRRO NHA LUZ,177810,"BAIRRO NHA LUZ, SN - CENTRO - 08970000"
115678,FAZENDA PETTENA AGRUP A 554479,177811,"PETTENA, SN - CENTRO - 11850000"
115679,BAIRRO SANTA BARBARA,177812,"BAIRRO SANTA BARBARA, SN - CENTRO - 18460000"
115680,BAIRRO SEDA,177813,"BAIRRO SEDA, SN - CENTRO - 18460000"
115681,BAIRRO PIOS,177814,"BAIRRO PIOS, SN -  - 18300000"
135735,BAIRRO LEMES DE CIMA,177807,"BAIRRO LEMES DE CIMA, SN -  - 18300000"
115682,BAIRRO PINHALZINHO,177815,"BAIRRO PINHALZINHO, SN -  - 18300000"
115683,BAIRRO FREQUESIA VELHA,177816,"BAIRRO FREQUESIA VELHA, SN -  - 18300000"
115684,BAIRRO RODRIGUES,177817,"BAIRRO RODRIGUES, SN -  - 18300000"
115685,BAIRRO AGUA PRETA,177818,"BAIRRO AGUA PRETA, SN - CENTRO - 18440000"
115686,BAIRRO INDAIATUBA,166368,"BAIRRO INDAIATUBA, SN -  - 18340000"
135736,BAIRRO ABOBORA,177819,"BAIRRO ABOBORA, SN - CENTRO - 11940000"
115687,BAIRRO CRUZ DA PENHA,177820,"BAIRRO CRUZ DA PENHA, SN - CENTRO - 18460000"
115688,BAIRRO CRUZ DA PENHA,177820,"BAIRRO CRUZ DA PENHA, SN - CENTRO - 18460000"
115689,FAZENDA CAVALINHO,177821,"FAZCAVALINHO, SN - CENTRO - 18240000"
115690,BAIRRO DOS MARIANOS,166802,"BAIRRO DOS MARIANOS, SN - CENTRO - 18240000"
85670,FAZENDA CESARIO,166968,"FAZENDA CESARIO, SN -  - 18200000"
115691,BAIRRO DO TABOAOZINHO,177822,"BAIRRO DO TABOAOZINHO, SN -  - 18200000"
115692,BAIRRO DO FAXINAL,167033,"BAIRRO DO FAXINAL, SN - CENTRO - 18220000"
115693,BAIRRO DOS CLAROS,177823,"BAIRRO DOS CLAROS, SN - TURVO - 18180000"
115694,BAIRRO DO QUARESMAL,177824,"BAIRRO DO QUARESMAL, SN - TURVO - 18180000"
115695,BAIRRO PORTA DO SOL,176575,"BAIRRO PORTA DO SOL, SN - DONA CATARINA - 18120000"
135737,BAIRRO SEBANDILHA,176576,"BAIRRO SEBANDILHA, SN - DONA CATARINA - 18120000"
115696,BAIRRO GUACU,167521,"BAIRRO GUACU, SN -  - 18130000"
115697,BAIRRO MANUEL CLEMENTE,177825,"BAIRRO MANUEL CLEMENTE, SN - CENTRO SAO JOAO NOVO - 18140000"
115698,BAIRRO TAIPAS DE PEDRA,177826,"BAIRRO RIO ACIMA, SN -  - 18130000"
115699,JARDIM SABIA,175762,"JARDIM SABIA, SN -  - 06650000"
135738,BAIRRO BOA VISTA 3,165455,"BAIRRO BOA VISTA, SN - CIPO - 06900000"
115700,ESTANCIA BELVEDERE,173862,"ESTANCIA BELVEDERE, SN - CIPO - 06900000"
115701,CHACARA BONANZA 2,175482,"CHACARA BONANZA, SN - CIPO - 06900000"
115702,BAIRRO LAGOA GRANDE,177827,"BAIRRO LAGOA GRANDE, SN - CIPO - 06900000"
115703,RECANTO DA LAGOA GRANDE,177828,"RECANTO DA LAGOA GRANDE, SN - CIPO - 06900000"
115704,BAIRRO DO JUQUIA,177829,"BAIRRO DO JUQUIA, SN - BARNABES - 06950000"
135739,FAZENDA CABACEIRAS,169001,"FAZENDA CABACEIRAS, SN - SAO JUDAS TADEU - 14820000"
115705,FAZENDA ITAPIRA,177830,"FAZENDA ITAPIRA, SN -  - 13970000"
115706,FAZENDA PEDERNEIRAS,168673,"FAZENDA PEDERNEIRAS, SN -  - 13800000"
115707,BAIRRO DA BOCAINA,177831,"BAIRRO DA BOCAINA, SN -  - 13800000"
135740,FAZENDA PITEIRAS,177832,"FAZENDA PITEIRAS, SN -  - 13800000"
115708,FAZENDA LAJEADO,177833,"FAZENDA LAJEADO, SN - CENTRO - 13390000"
135741,FAZENDA VALE FORMOSO II,169544,"FAZENDA VALE FORMOSO, SN - CENTRO - 14680000"
115709,FAZENDA ROCHA,174590,"FAZENDA ROCHA, SN - CENTRO - 13660000"
115710,BAIRRO CHACARAS COPACO,177834,"AV ANTOMONIO, SN - COPACO - 07400000"
115711,BAIRRO 3 MACUCO,172836,"BAIRRO 3 MACUCO, SN -  - 17500000"
115712,VILA OLINDA,172895,"VILA OLINDA, SN - CENTRO - 17580000"
115713,VILA OLINDA AGRUP A 555228,172895,"VILA OLINDA, SN - CENTRO - 17580000"
135742,VILA OLINDA AGRUP A 555228,172895,"VILA OLINDA, SN - CENTRO - 17580000"
115714,BAIRRO LAGEADO,177835,"BAIRRO LAGEADO, SN - MANDAGUARI - 18790000"
115715,BAIRRO LAGEADO,177836,"BAIRRO LAGEADO, SN - MANDAGUARI - 18790000"
115716,BAIRRO LAGEADO,177836,"BAIRRO LAGEADO, SN - MANDAGUARI - 18790000"
115717,FAZENDA SANTA ELISA,177718,"FAZENDA SANTA ELISA, SN - VILA MARINGA - 13210000"
135743,LUCILENA APARECIDA PEREIRA CAMARGO VIEIRA,177837,"BARUERI, SN - CENTRO - 06550000"
115718,PINUS TROPICAL I,177838,"LOTEAMENTO ALTA SOROCABANA, SN - AGISSE - 19600000"
115719,PINUS TROPICAL II,177838,"LOTEAMENTO ALTA SOROCABANA, SN - AGISSE - 19600000"
115720,FAZENDA SANTA FE,174938,"FAZENDA SANTA FE, SN - AGISSE - 19600000"
115721,SANTO ANTONIO,177839,"SANTO ANTONIO, SN - CENTRO - 19640000"
115722,PARQUE DA FERRADURA,177840,"PARQUE DA FERRADURA, SN - VILA ABERNESSIA - 12460000"
135744,BAIRRO SANTA RITA,177841,"BAIRRO SANTA RITA, SN - CENTRO - 12820000"
115723,BAIRRO SANTO ANTONIO,177842,"BAIRRO SANTO ANTONIO, SN - CENTRO - 12820000"
115724,FAZENDA LAGEADO,177843,"FAZENDA LAGEADO, SN - CENTRO - 12690000"
115725,ESTACAO JAGUARI,177844,"ESTACAO JAGUARI, SN -  - 12200000"
115726,BAIRRO DA TATAUVA,166153,"BAIRRO DA TATAUVA, SN -  - 12280000"
115727,BAIRRO ALTO,166026,"BAIRRO ALTO, SN - JARDIM SAO GABRIEL - 12340000"
135745,BAIRRO MANUEL CLEMENTE,167438,"MANUEL CLEMENTE, SN - CENTRO SAO JOAO NOVO - 18140000"
115728,BAIRRO RIBEIROS,177675,"BAIRRO RIBEIROS, SN - CENTRO SAO JOAO NOVO - 18140000"
115729,BAIRRO JOSE CARREIRO,177845,"BAIRRO JOSE CARREIRO, SN - CENTRO SAO JOAO NOVO - 18140000"
115730,BAIRRO TIBURCIO,177846,"BAIRRO TIBURCIO, SN - CENTRO SAO JOAO NOVO - 18140000"
135746,ALFREDO WEISZFLOG 2 A 3 CLASSES,177847,"ALFREDO WEISFLOG, SN - CRESCIUMA - 07700000"
115731,BAIRRO DA CASCATA,177848,"BAIRRO DA CASCATA, SN - CENTRO - 12180000"
115732,BAIRRO DOS BASTOS,177849,"BAIRRO DOS BASTOS, SN - CENTRO - 12170000"
115733,BAIRRO DO TABOAO,177850,"BAIRRO DO TABOAO, SN -  - 12100000"
115734,BAIRRO DO PASTO GRANDE,177851,"BAIRRO DO PASTO GRANDE, SN -  - 12100000"
115735,BAIRRO DO RIO ABAIXO,177852,"BAIRRO DO RIO ABAIXO, SN - CENTRO - 12140000"
115736,FAZENDA CATAGUA,166281,"FAZENDA CATAGUA, SN -  - 12100000"
135747,FAZENDA CAIEIRAS,177853,"FAZENDA CAIEIRAS, SN -  - 12100000"
115737,BAIRRO PONTE ALTA,166276,"BAIRRO PONTE ALTA, SN -  - 12100000"
115738,BAIRRO DAS PEROBAS,177854,"BAIRRO DAS PEROBAS, SN - CENTRO - 12180000"
115739,BAIRRO DO CEDRO,177855,"BAIRRO DO CEDRO, SN - BAIRRO DO CEDRO - 12140000"
115740,BAIRRO DO MATO DENTRO,177856,"BAIRRO DO MATO DENTRO, SN - CENTRO - 12140000"
115741,FAZENDA JACARECATINGA,171358,"FAZENDA JACARECATINGA, SN - CENTRO - 16880000"
135748,FAZENDA BARRA GRANDE,166573,"FAZENDA BARRA GRANDE, SN - CENTRO - 18745000"
115743,VILA SAO ROBERTO 4,177857,"VILA SAO BERTO 4, SN - SAO BERTO - 18780000"
115744,BAIRRO DAS ARARAS,177858,"BAIRRO DAS ARARAS, SN - SAO BERTO - 18780000"
115745,FAZENDA SANTANA,177859,"FAZENDA SANTANA, SN - CENTRO - 18840000"
135749,FAZENDA STA ANGELICA3,177860,"FAZSTA ANGELICA, SN - CENTRO - 18870000"
115746,BAIRRO DOS RIPIS,173121,"BAIRRO DOS RIPIS, SN - CENTRO - 18800000"
115747,FAZENDA IPE,173119,"FAZENDA IPE, SN - CENTRO - 18800000"
115748,BAIRRO SAMANO,177861,"BAIRRO SAMANO, SN - CENTRO SAO JOAO NOVO - 18140000"
115749,BAIRRO POTUVERA,176442,"BAIRRO POTUVERA, SN -  - 06700000"
135750,CAMPININHA PRIMEIRA,177862,"CAMPININHA, SN -  - 06700000"
115750,CAMPININHA,177862,"CAMPININHA, SN -  - 06700000"
115751,BAIRRO FAZENDA FIGUEIRO,177863,"BAIRRO FAZENDA FIGUEIRO, SN - CENTRO - 07500000"
115752,BAIRRO VARADOURO,165336,"BAIRRO VARADOURO, SN - CENTRO - 07500000"
115753,BAIRRO DOS CORREAS,177864,"ESTRADA DOS CORREAS, SN - BAIRRO DOS CORREAS - 07400000"
135751,SITIO RIBEIRAO GRANDE,177865,"SITIO RIBEIRAO GRANDE, SN - CENTRO - 11790000"
115754,FAZENDA BPM,177866,"FAZENDA B P M, SN - CENTRO - 11760000"
115755,BAIRRO BENGALAR,177338,"BAIRRO BENGALAR, SN -  - 12200000"
115756,BOA ESPERANCAOOESTE,177867,"BOA ESPERANCA D OESTE, SN - GRAMINHA - 19530000"
115757,BOA ESPERANCA DOESTE,177868,"BOA ESPERANCA DOESTE, SN - GRAMINHA - 19530000"
115758,FAZENDA MONT SERRAT EEPGI  QUINTA,176077,"FAZENDA MONT SERRAT, SN -  - 06650000"
135752,DIVINA PROVIDENCIA,177869,"DIVINA PROVIDENCIA, SN -  - 00000000"
115759,JARDIM CAMPESTRE PRIMEIRA,177870,"JD CAMPESTRE, SN - CIPO - 06900000"
115760,JARDIM CAMPESTRE,177870,"JD CAMPESTRE, SN - CIPO - 06900000"
115761,JARDIM CAMPESTRE,177870,"JD CAMPESTRE, SN - CIPO - 06900000"
115762,BAIRRO DO XORORO,177871,"ESTRADA DA MINA DE OURO, SN - CIPO - 06900000"
115763,BAIRRO DA EVA,177872,"ESTRADA DA EVA, 250 - BAIRRO DA EVA - 06950000"
135753,BAIRRO DO CRISTAL,177873,"BAIRRO DO CRISTAL, SN - LARANJA DOCE - 19500000"
115764,BAIRRO MOREIRAS,177874,"BMOREIRAS, SN - DONA CATARINA - 18120000"
115765,BAIRRO ALTO DO RETIRO,176700,"BAIRRO ALTO DO RETIRO, SN -  - 18200000"
115766,BAIRRO FAXINAL,177875,"BAIRRO FAXINAL, SN -  - 18600000"
115767,ESTACAO CESAR NETO,166741,"ESTACAO CESAR NETO, SN -  - 18600000"
115768,FAZENDA SAO BENTO,177876,"FAZENDA SAO BENTO, SN - VILA NOVA ITATINGA - 18690000"
135754,FAZENDA MACEDONIA,177877,"FAZENDA MACEDONIA, SN - VILA NOVA ITATINGA - 18690000"
115769,BAIRRO SERRINHA DE BAIXO,177878,"BAIRRO SERRINHA DE BAIXO, SN - CENTRO - 18260000"
115770,BAIRRO PEDROSOS,177879,"BAIRRO PEDROSOS, SN - CENTRO - 18260000"
115771,FAZENDA SAO JOAO,166788,"FAZENDA SAO JOAO, SN - PARQUE ALBATROZ - 18650000"
115772,BARRAGEM,175752,"BARRAGEM DE TAIACUPEBA, SN - JUNDIAPEBA - 08750000"
135755,FAZENDA CARRIAO,165351,"FAZENDA CARRIAO, SN - CENTRO - 08940000"
115773,VILA MARTINS,177880,"VILA MARTINS, SN - AGISSE - 19600000"
115774,FAZENDA DO POCO,166123,"FAZENDA DO POCO, SN -  - 12200000"
115775,BAIRRO DA MARAMBAIA,177881,"BAIRRO DA MARAMBAIA, SN -  - 12100000"
115776,BAIRRO DA BARRA MANSA,177882,"BAIRRO BARRA MANSA, SN - CENTRO - 12140000"
135756,BAIRRO RIBEIRAO DAS ALMAS,177883,"BAIRRO RIBEIRAO DAS ALMAS, SN -  - 12100000"
135757,CLASSE PROVISORIA PAM I CENTRO,177884,"R CONSCRISPINIANO 208 AND, SN - REPUBLICA - 01219000"
115777,PROFA MARINA CINTRACLHOSPDEFVISPAM II CENTRO,177885,"RCONSCRISPINIANO 8 ANDAR, 20 - REPUBLICA - 01219000"
115778,VALE DOS PINHEIROS,177886,"VALE DOS PINHEIROS, SN -  - 00000000"
115779,ALPES SAO GOTARDO,177887,"ALPES SAO GOTARDO, SN - CENTRO - 12450000"
115780,BAIRRO DO SAPEZAL,177888,"BAIRRO DO SAPEZAL, SN -  - 00000000"
115781,BAIRRO BRANCO,177889,"BAIRRO BRANCO, SN - CENTRO - 12180000"
115782,BAIRRO JAGUARI,177890,"BAIRRO JAGUARI, SN -  - 06500000"
135758,BAIRRO DO CHARQUEADO,177891,"ESTRADA DO CHARQUE, 1115 - CHARQUEADO - 06900000"
115783,BAIRRO DAS LARANJEIRAS,165493,"BAIRRO DAS LARANJEIRAS, SN - BARNABES - 06950000"
115784,BAIRRO DA LAGOA,177892,"BAIRRO DA LAGOA, SN -  - 06650000"
115785,BAIRRO DA LAGOA,177892,"BAIRRO DA LAGOA, SN -  - 06650000"
115786,BAIRRO DA REPRESA,177893,"BAIRRO DA REPRESA, SN - LARANJA DOCE - 19500000"
115787,BAIRRO SAO SEBASTIAO,177894,"BAIRRO SAO SEBASTIAO, SN -  - 00000000"
135759,SITIO DA BANANA,177895,"SITIO DA BANANA, SN - CENTRO - 11940000"
115788,FAZENDA HARAS GUANABARA,177896,"FAZENDA HARAS GUANABARA, SN - FORMOSO - 12830000"
115789,FAZENDA TRES COQUEIROS,177897,"ESTIVA, SN - CENTRO - 12690000"
115790,BAIRRO DO CASARAO,177898,"BAIRRO DO CASARAO, SN - CENTRO - 08940000"
115791,BAIRRO RESIDENCIAL,177899,"BAIRRO RESIDENCIAL, SN - CENTRO SAO JOAO NOVO - 18140000"
135760,BAIRRO FIGUEIRA,177900,"BAIRRO FIGUEIRA, SN - CENTRO SAO JOAO NOVO - 18140000"
115792,BAIRRO REMEDIOS,177901,"BAIRRO REMEDIOS, SN -  - 18130000"
115793,BAIRRO PONTE LAVRADA,177902,"BPONTE LAVRADA, SN -  - 18130000"
115794,BAIRRO DO CASARAO,177898,"BAIRRO DO CASARAO, SN - CENTRO - 08940000"
115795,FAZENDA CAPANHAO,177903,"FAZENDA CAPANHAO, SN - CENTRO - 08940000"
115796,BAIRRO KM 93,177904,"ITARIRI, SN - CENTRO - 11760000"
135761,SERTAO DA DIVISA,177905,"SERTAO DA DIVISA, SN -  - 00000000"
115797,BAIRRO DA BOA VISTA,177906,"BAIRRO DA BOA VISTA, SN -  - 00000000"
115798,FAZENDA CAPANHAO,177907,"FAZENDA CAPANHAO, SN -  - 00000000"
115799,BAIRRO DE CIMA,177908,"BAIRRO DE CIMA, SN - CENTRO - 12170000"
115800,BAIRRO DA USINA,177909,"BAIRRO DA USINA, SN - CENTRO - 12140000"
115801,BAIRRO DO BARREIRO,177910,"BAIRRO DO BARREIRO, SN -  - 12100000"
135762,JARDIM DOS EUCALIPTOS,165350,"JARDIM DOS EUCALIPTOS, SN - CENTRO - 08940000"
115803,BAIRRO DOS SOARES,177911,"BAIRRO DOS SOARES, SN - BARNABES - 06950000"
115804,RECANTO DA LAGOA GRANDE,177828,"RECANTO DA LAGOA GRANDE, SN - CIPO - 06900000"
115805,CHACARA BONANZA,175482,"CHACARA BONANZA, SN - CIPO - 06900000"
135763,PROFA YEDA LANDIN MANORI,177912,"BAIRRO QUARTO CENTENARIO, SN - CENTRO - 14940000"
115806,OSMAR MADELA,177913,"OSMAR MADELA, SN - CENTRO - 16880000"
115807,IVO BELLODI,177914,"FAZENDA, SN -  - 14870000"
115808,VILA SAO JOAO,177915,"VILA SAO JOAO, SN - CENTRO - 17890000"
115809,VILA SANTA LUZIA,177916,"VILA SANTA LUZIA, SN - LARANJA DOCE - 19500000"
115810,BAIRRO MORIYAMA,177917,"BAIRRO MORIYAMA, SN - CENTRO - 17960000"
135764,AGROVILA 05,177918,"AGROVILA 05, SN - CENTRO - 19700000"
115812,FAZENDA MONT SERRAT  SEXTA,176077,"FAZENDA MONT SERRAT, SN -  - 06650000"
115813,QUATRO ENCRUZILHADAS,177919,"QUATRO ENCRUZILHADAS, SN -  - 06650000"
135765,PROFA WDADE SALOMAO,177920,"RDRALCIDES DE CARVALHO, SN - CENTRO - 16900000"
115814,EMILIO LEAO,177921,"EMILIO LEAO, SN - CENTRO - 16850000"
115815,BAIRRO CAMPO VERDE III,177922,"BAIRRO CAMPO VERDE III, SN - CENTRO - 13230000"
115817,FAZENDA SAO JORGE,177923,"FAZENDA SAO JORGE, SN - CENTRO - 14300000"
115818,FAZENDA CACHOEIRA,177924,"FAZENDA CACHOEIRA, SN - CENTRO - 14300000"
135766,FAZENDA SAO LUCAS,177925,"FAZENDA SAO LUCAS, SN - CENTRO - 14300000"
115819,RECREIO RESIDENCIAL,177926,"BAIRRO RECREIO RESIDENCIAL, SN - CENTRO - 18150000"
115820,PARQUE MONTREAL,177927,"PARQUE MONTREAL, SN -  - 07780000"
115821,FAZENDA SANTANA,177928,"FAZENDA SANTANA, SN - FAZENDA SANTANA - 17560000"
115822,BAIRRO SANTO ANTONIO PRIMEIRA,177929,"BAIRRO SANTO ANTONIO, SN - CENTRO - 15910000"
135767,BAIRRO SANTO ANTONIO II,177930,"BAIRRO SANTO ANTONIO II, SN - CENTRO - 15910000"
115823,FAZENDA PEDRA BRANCA,177931,"FAZENDA PEDRA BRANCA, SN - CENTRO - 13760000"
115824,BAIRRO ESMERALDA,177932,"BAIRRO ESMERALDA, SN -  - 12940000"
115825,FAZENDA DA BARRA,177933,"FAZENDA DA BARRA, SN - BARRA - 12530000"
115826,BAIRRO DO SAPEZAL,177934,"ESTRADA MUNICIPAL DA CAPIVARA, SN - SAPEZAL - 12530000"
115827,BAIRRO DA BOA VISTA,177935,"BAIRRO DA BOA VISTA, SN - CENTRO - 12530000"
135768,FAZENDA JARDIM,165900,"FAZENDA JARDIM, SN - EMBAU - 12630000"
115828,BAIRRO ANGELINA,177936,"BAIRRO ANGELINA, SN -  - 12600000"
115829,BAIRRO DA TABATINGA,177937,"BAIRRO DA TABATINGA, SN - VILA ABERNESSIA - 12460000"
115830,BAIRRO DOS REMEDIOS,177938,"BAIRRO DOS REMEDIOS, SN - JARDIM AMERICA - 12235000"
135769,BAIRRO DA VOLTA COMPRIDA,177939,"BAIRRO DA VOLTA COMPRIDA, SN - CENTRO - 12180000"
115831,FAZENDA TEODORO,166191,"FAZENDA TEODORO, SN - CENTRO - 12140000"
115832,FAZENDA DO POCO,177940,"FAZENDA DO POCO, SN -  - 12300000"
115833,FAZENDA DO POCO,177940,"FAZENDA DO POCO, SN -  - 12300000"
115834,BAIRRO DO PARANABI,177941,"BAIRRO DO PARANABI, SN - PEREQUE - 11630000"
115835,BAIRRO ARARIBA,175326,"BAIRRO ARARIBA, SN - SILOP - 11680000"
115836,FAZENDA SANTA CRUZ,166249,"FAZENDA SANTA CRUZ, SN -  - 12280000"
115837,BAIRRO DA PONTE,177942,"BAIRRO DA PONTE, SN -  - 12290000"
135770,ACAMPAMENTO FLORIM,177943,"ACAMPAMENTO FLORIM, SN -  - 12290000"
115838,ACAMPAMENTO FLORIM,177943,"ACAMPAMENTO FLORIM, SN -  - 12290000"
115839,RECANTO DA LAGOA GRANDE 2,177828,"RECANTO DA LAGOA GRANDE, SN - CIPO - 06900000"
115840,RECANTO DA LAGOA GRANDE 3,177828,"RECANTO DA LAGOA GRANDE, SN - CIPO - 06900000"
115841,FAZENDA FORTALEZA,177944,"FAZENDA FORTALEZA, SN - CENTRO - 17120000"
115842,FAZENDA CACADOR,177945,"FAZENDA CACADOR, SN - CENTRO - 17120000"
135771,FAZENDA FORQUILHA I,177946,"FAZENDA FORQUILHA, SN - CENTRO - 17120000"
115843,BAIRRO BELA VISTA I,177947,"BAIRRO BELA VISTA, SN - BELA VISTA - 11955000"
115844,JARDIM PAULISTANO,176735,"JARDIM PAULISTANO, SN - CENTRO - 11900000"
86502,JARDIM PAULISTANO,176735,"JARDIM PAULISTANO, SN - CENTRO - 11900000"
115846,SITIO LUZ E LIMA,177948,"SITIO LUZ E LIMA, SN - CENTRO - 11900000"
115847,BAIRRO JURUMIRIM,177949,"BAIRRO JURUMIRIM, SN - CENTRO - 11900000"
135772,BAIRRO SANTA AMERICA,177950,"RUA SHIGUERO ISHI, SN - SANTA AMERICA - 16450000"
115848,FAZENDA CHANTEBLED,176891,"FAZENDA CHANTEBLED, SN - CENTRO - 17550000"
115849,ESTACAO SANTO INACIO,177951,"FAZENDA SAO JOSE, SN - DISTRITO DE GUARAPIRANGA - 13580000"
115850,BAIRRO DO PINHAL,165329,"BAIRRO DO PINHAL, SN -  - 12300000"
115851,FAZENDA GUAXIRU,165610,"FAZENDA GUAXIRU, SN - CENTRO - 11750000"
135773,MACEDO DANTAS ESCRITOR,177952,"FAZENDA FARTURA DE CIMA, SN - FARTURA DE CIMA - 18680000"
115852,RIO ITAGACABA,177953,"FAZDO ZORZI, SN - CENTRO - 12690000"
115853,BAIRRO DO VALE DA ALEGRIA,177954,"BAIRRO DO VALE DA ALEGRIA, SN -  - 12300000"
115854,FAZENDA BARRA BONITA,177955,"FAZENDA BARRA BONITA, SN -  - 12300000"
115855,SITIO DO CEDRO,177956,"SITIO DO CEDRO, SN -  - 00000000"
115856,ILHA OLEO CRU,177957,"ILHA OLEO CRU, SN -  - 00000000"
115857,GLEBA TUCANO,177958,"GLEBA TUCANO, SN -  - 00000000"
135774,PEDRO FRANCO DE GODOI,177959,"BAIRRO DOS PINTOS, SN - CENTRO - 12995000"
115858,INSTITUTO SANTA LYDIA,177960,"INSTSTA LYDIA, SN - CENTRO - 15900000"
115859,SOCEDASSOCIRMAS FRANCPROVIDENCIA DE DEUS,165252,"R COLEGIO PIO XII, SN - FAZ MORUMBI - 05657140"
115860,SOCEDASSOCIRMAS FRANCPROVIDENCIA DE DEUS,165252,"R COLEGIO PIO XII, SN - FAZ MORUMBI - 05657140"
135775,SOCEDASSOCIRMAS FRANCPROVIDENCIA DE DEUS,177961,"RUA PIO XII 113, SN - INSTITUTO DE PREVIDENCIA - 05532000"
115861,SOCEDASSOCIRMAS FRANCPROVIDENCIA DE DEUS,177961,"RUA PIO XII 113, SN - INSTITUTO DE PREVIDENCIA - 05532000"
115862,SOC ED AS SOC IRMAS FRANC PROVIDENCIA DE DEUS,177962,"RUA PIO XII, 113 - VILA ANDRADE - 05526000"
115863,JARDIM LAURA,177963,"JD LAURA, SN - CENTRO - 13230000"
115864,FAZENDA CAIPUNAS,177964,"FAZCAIPUNAS, SN - BARNABES - 06950000"
115865,SOC ED AS SOC IRMAS FRANC PROVIDENCIA DE DEUS,177965,"RUA PIO XII, 113 - VILA ANDRADE - 00000000"
135776,SOC ED AS SOC IRMAS FRANC PROVIDENCIA DE DEUS 15 ESC,177966,"RUA PIO XII, 113 - VILA ANDRADE - 05532000"
115866,COLONIA SANTA ROSA,177967,"COLONIA SANTA ROSA, SN -  - 00000000"
115867,FAZENDA LARANJEIRAS,177968,"FAZ LARANJEIRAS, SN - CENTRO - 19220000"
115868,JARDIM DOS EUCALIPTOS QUARTA,177969,"JD DOS EUCALIPTOS, SN - CENTRO - 08940000"
115869,FAZENDA CAEPUPU,177970,"FAZENDA CAEPUPU, SN -  - 49177000"
115870,PRAIA DE PARNAPUA,177971,"PRAIA DE PARNAPUA, SN - CENTRO - 11750000"
115871,SITIO DA MOENDA,165599,"SITIO DA MOENDA, SN - VILA SAO PAULO - 11740000"
135777,BAIRRO ITATUBA,174922,"ESTRADA DAS LARANJEIRAS, 20 - ITATUBA - 06890000"
115872,BAIRRO DO JUQUIA,177972,"BDO JUQUIA SEGUNDA, SN - BARNABES - 06950000"
115873,SERRA DO DOCE,177973,"SERRA DO DOCE, SN - CENTRO - 12870000"
115874,FAZENDA JARACATIA,177974,"FAZENDA JARACATIA, SN - CENTRO - 12620000"
115875,SOC AMIGOS DO BAIRRO V DAS BELEZAS JUNTO A,177975,"RUA RAFAEL DE PROENCA433, SN -  - 05757000"
135778,LAR MARIA ALBERTINA CLASSES PROVISORIAS DO,177976,"AV MARIA COELHO AGUIAR, 384 - JD S LUIS - 05805000"
115876,BAIRRO DA LAGOA,177892,"BAIRRO DA LAGOA, SN -  - 06650000"
115877,BAIRRO DA LAGOA,177892,"BAIRRO DA LAGOA, SN -  - 06650000"
115878,ALIPIA CABRAL SILVEIRA,177977,"DA CERAMICA, SN - CAMPO GRANDE - 09450000"
135779,FAZENDA SAO JUDAS TADEU,177978,"FAZ SJUDAS TADEU, SN -  - 01260000"
135780,SERRA DO CAXAMBU,177979,"SERRA DO CAXAMBU, SN - CENTRO - 12870000"
115880,DR TOMAZ ANTONIO ROMANACH,177980,"FAZENDA SAO FRANCISCO, SN -  - 00000000"
115881,FAZENDA SAO FRANCISCO,177980,"FAZENDA SAO FRANCISCO, SN -  - 00000000"
115882,CLPROVPRIMEIRA DA EEPG FULVIO ABRAMO,177981,"RUA G 17, SN - CENTRO - 84900000"
115883,CLPROVSEGUNDA DA EEPG FULVIO ABRAMO,177981,"RUA G 17, SN - CENTRO - 84900000"
115884,CLPROVTERCEIRA DA EEPG FULVIO ABRAMO,177981,"RUA G 17, SN - CENTRO - 84900000"
135781,CLPROVQUARTA DA EEPG FULVIO ABRAMO,177981,"RUA G 17, SN - CENTRO - 84900000"
115885,CLPROVQUINTA DA EEPG FULVIO ABRAMO,177981,"RUA G 17, SN - CENTRO - 84900000"
115886,CLPROVSEXTA DA EEPG FULVIO ABRAMO,177981,"RUA G 17, SN - CENTRO - 84900000"
115887,CLASSES PROV DA EEPSG JOSE JORGE DO AMARAL,176845,"RUA ATILIO JORGE SALUM33, SN - RIO GRANDE - 09830000"
115888,CLASSES PROV 4 DA EEPSG JOSE JORGE DO AMARAL,176845,"RUA ATILIO JORGE SALUM33, SN - RIO GRANDE - 09830000"
135782,CLASSES PROV 5 DA EEPSG JOSE JORGE DO AMARAL,176845,"RUA ATILIO JORGE SALUM33, SN - RIO GRANDE - 09830000"
115889,CLASSES PROV 6 DA EEPSG JOSE JORGE DO AMARAL,176845,"RUA ATILIO JORGE SALUM33, SN - RIO GRANDE - 09830000"
115890,CLASSES PROV 7 DA EEPSG JOSE JORGE DO AMARAL,176845,"RUA ATILIO JORGE SALUM33, SN - RIO GRANDE - 09830000"
115891,CLASSES PROV 8 DA EEPSG JOSE JORGE DO AMARAL,176845,"RUA ATILIO JORGE SALUM33, SN - RIO GRANDE - 09830000"
115892,FAZENDA LIMEIRA,177982,"FAZENDA LIMEIRA, SN -  - 00000000"
115893,CAMPO ALEGRE,177983,"FAZENDA CAMPO ALEGRE, SN -  - 00000000"
135783,CLASSE PROV JTO A EEPSG PROF JOSE JORGE DO AMARAL,177984,"RUA ATILIO SALIA JORGE, SN - VILA JURUBATUBA - 09831000"
115894,JARDIM DOM ANGELICO,177985,"RUA INACIO MONTEIRO, 3206 - COHAB CONCEICAO - 84900000"
115895,JARDIM DOM ANGELICO,177986,"RUA INACIO MONTEIRO, 3206 - COHAB CONCEICAO - 08490000"
115896,JARDIM DOM ANGELICO,177986,"RUA INACIO MONTEIRO, 3206 - COHAB CONCEICAO - 08490000"
115897,JARDIM DOM ANGELICO,177986,"RUA INACIO MONTEIRO, 3206 - COHAB CONCEICAO - 08490000"
115898,RECANTO VERDE SOL,177987,"R GOLFO DA CALIFORNIA, 8 - 3 DIVISAO - 08382190"
135784,RECANTO VERDE SOL,177987,"R GOLFO DA CALIFORNIA, 8 - 3 DIVISAO - 08382190"
115899,RECANTO VERDE SOL,177987,"R GOLFO DA CALIFORNIA, 8 - 3 DIVISAO - 08382190"
115900,RECANTO VERDE SOL,177987,"R GOLFO DA CALIFORNIA, 8 - 3 DIVISAO - 08382190"
115901,RECANTOJARDIM LIMOEIRO,177988,"JARDIM LIMOEIRO, SN - TERCEIRA DIVISAO - 08380480"
115902,RECANTOJARDIM LIMOEIRO,177988,"JARDIM LIMOEIRO, SN - TERCEIRA DIVISAO - 08380480"
135785,RECANTOJARDIM LIMOEIRO,177988,"JARDIM LIMOEIRO, SN - TERCEIRA DIVISAO - 08380480"
115903,RECANTOJARDIM LIMOEIRO,177988,"JARDIM LIMOEIRO, SN - TERCEIRA DIVISAO - 08380480"
115904,RECANTOJARDIM LIMOEIRO,177988,"JARDIM LIMOEIRO, SN - TERCEIRA DIVISAO - 08380480"
115905,AGNELL0 C PRATES PROF,177989,"BAIRRO DA GALILEIA, SN - GALILEIA - 15410000"
115906,ELZA ZANIN LOPES FERRAZ,177990,"CAMPO GRANDE, SN - CENTRO - 15400000"
135786,PROF JOSE NEGRIN,177991,"BAIRRO DO SLOURENCO, SN - SAO LOURENCO - 14900000"
115907,OTTORINO DOMINGOS BERTI,177992,"BAIRRO DO LEITEIRO, SN - LEITEIRO - 14900000"
115908,LUIZ OTTOBONI,177993,"FAZENDA BELO HORIZONTE, SN - JAFA - 17400000"
115909,PROFA LAILA CURI BACHEGA,177994,"PROFA LAILA CURI BACHEGA, SN -  - 00000000"
115910,RIBEIRAO DOS BORGES,165450,"RUA QUATRO, SN - PONTE ALTA - 06900000"
115911,BAIRRO DO JUQUIA,177995,"BAIRRO DO JUQUIA, SN -  - 10000000"
135787,BAIRRO DA BARRINHA,177996,"BAIRRO DA BARRINHA, SN -  - 10000000"
115913,FAZENDA VITORIA PRIMEIRA,177997,"FAZVITORIA, SN -  - 10000000"
135788,FAZENDA VITORIA,177997,"FAZVITORIA, SN -  - 10000000"
115914,BAIRRO DOS PEREIRAS,177998,"BAIRRO DOS PEREIRAS, SN -  - 10000000"
115915,BAIRRO ITATUBA,174922,"ESTRADA DAS LARANJEIRAS, 20 - ITATUBA - 06890000"
115916,PROF REYNALDO GALVAO,177999,"RODOVIA PARAGUACUBORA, KM 8 - BAIRRO DO CAMPINHO - 19700000"
135789,YOLANDA VENANCIO RMOCO,178000,"RDMALRONDONKM 557GKATAYAM, SN - CENTRO - 16700000"
115917,FAZENDA POUSO ALEGRE,178001,"FAZPOUSO ALEGRE, SN - CENTRO - 17290000"
115918,PROF JOSE DE ASSIS MAGALHAES,178002,"RJOSE BONIFACIO491PMACHADO, SN - CENTRO - 15200000"
115919,MATHILDE JORGE F DE SOUZA PROFA,178003,"ESTJOSE BONIFACIO/NIPOA KM11, SN - VILA LEUZA - 15200000"
115920,DISTRITO DE MANGARATU,178004,"AVRIO BRANCOS/B, SN - CENTRO - 15440000"
135790,PROF SHIZUO NIGHIKAWA,178005,"RODOVIA DA INTEGRAO KM 15 MIRANTE PNEMA TEODORO SAMPAIO, SN - NOVO PARAISO - 19260000"
115921,PROFA TOMICA ABE,178006,"RLUSSANVIRA, 339 - SEGUNA ALIANCA - 16800000"
115922,PROFA ITELVINA FERREIRA,178007,"ESTR VICINAL TADAISHI HATORI, SN - AMANDABA - 16800000"
115923,PROFA APARECIDA CONTESSOTO,178008,"RUA JOSE FELIX, SN - SAO SEBASTIAO - 19570000"
115924,ANTONIO PREZOTTO,178009,"R VEREADOR SAULO WALDEMAR FONAZIN, SN - RURAL - 13450000"
115925,ANTONIA FAGNOL FURLAN,178010,"RODOVIA SP 304 KM 1435, SN - ALAMBAR - 13450000"
115926,BAIRRO DAS PEDRINHAS,178011,"BAIRRO DAS PEDRINHAS, SN -  - 00000000"
115927,BAIRRO BRAGANCEIROS,178012,"BAIRRO BRAGANCEIROS, SN -  - 00000000"
135791,NOVA COLOMBIA,178013,"RUA ANTONIO COLOMBO, 397 - NOVA COLOMBIA - 17540000"
115928,JOAO HAFNER,178014,"ESTRADA 2, SN - VENDA BRANCA - 17700000"
115929,JOAO MANSO GORJON,178015,"RUA BRASIL, SN - LAGOA AZUL - 17700000"
115930,JOSE PEREIRA,178016,"ESTRADA DE SAGRES, S/Nº - PLACA 28 - 17710000"
115931,MYRTHES ROCHA,178017,"ROD PIRACICABARIO CLARO KM 21, SN - VILA NOVA - 13400000"
135792,AGROVILA TIETE,178018,"AGROVILA PENAPOLIS, SN - FAZENDA REUNIDAS - 16370000"
115932,GIOCONDO VACCARI TEZINI,178019,"FAZENDA CABECEIRAS, SN - CABECEIRAS - 14820000"
115933,PROFA ROSEMARI LOPES FERREIRA BIGLIA,178020,"BAIRRO SANTA BARBARA, SN - CENTRO - 18460000"
115934,JULIO GONCALVES DE OLIVEIRA PROF,178021,"RUA AMAZONAS, SN - CRUZEIRAO - 18480000"
115935,BAIRRO ITARARE,178022,"BAIRRO ITARARE, SN -  - 10000000"
115936,BAIRRO SEBANDILHA,178023,"BSEBANDILHA, SN - DONA CATARINA - 18120000"
115937,BAIRRO SAO BENEDITO,178024,"B S BENEDITO, SN -  - 00000000"
115938,BAIRRO DA ESPANHOLADA,178025,"BDA ESPANHOLADA, SN -  - 00000000"
115939,MARIA JOSE DE CAMPOS VASQUES,178026,"ESTACAO DE BRASILIA PAULISTA, SN - CENTRO - 17490000"
115940,ERNESTO PEREIRA FILHO,178027,"ESTR SAO PEDRO DO TURVO, 12 - AREIA BRANCA - 17440000"
115941,PRAIA DA BORACEIA,178028,"PRAIA DA BORACEIA, SN -  - 00000000"
115942,CRESCENCIA CAROLO BALBO,178029,"USINA SAO FRANCISCO, SN - ZONA RURAL - 14160000"
115943,USINA ALBERTINA,178030,"FAZENDA SAO MIGUEL, SN - ZONA RURAL - 14160000"
115944,ROBERTO UNGARI,178031,"RUA DO COMERCIO, SN - PONTE ALTA - 14930000"
135794,SUELI DAS GRACAS ADOLFO CURY PROFA,178032,"ESTRADA ITAJOBI, SN - BAIRRO DO ACAI - 00000000"
135795,DO REASSENTAMENTO,178033,"REASSENTAMENTO, SN -  - 00000000"
115946,PROJETO JUPIA,178034,"PROJETO JUPIA, SN -  - 00000000"
115947,RIBEIRINHOS,178035,"RIBEIRINHOS, SN -  - 00000000"
135796,BAIRRO PARIQUERAMIRIM,178036,"PARIQUERA MIRIM, SN - CENTRO - 11930000"
115948,BAIRRO PITANGAL,178037,"BAIRRO PITANGAL, SN -  - 00000000"
115949,PROFA MARIA AMELIA DO PATROCINIO,178038,"PADRE ETERNO, SN - PADRE ETERNO - 12120000"
115950,ROSALINA DE FVVITA,178039,"ANTONIO DE TOLEDO FILHO, SN - LAVRAS DE CIMA - 13960000"
115951,BAIRRO DAS DUAS BARRAS,178040,"BDAS DUAS BARRAS, SN -  - 00000000"
135797,FAZENDA SERRA VELHA,178041,"FAZSERRA VELHA, SN -  - 00000000"
115952,PROF DR JOSE MARCELLO DE ALMEIDA,178042,"R MANOEL DIOGO, SN - CASCATA - 13890000"
115953,DONA MARIANA DE CARVALHO DIAS,178043,"FAZENDA, SN - CENTRO - 13790000"
115954,PROF PAULO PINHEIRO,178044,"PCA SANTA CRUZ, SN - ALEGRE - 13874540"
115955,PEDRO VAL DE LIMA,177278,"FAZENDA SAO PEDRO, SN -  - 13870000"
115956,BAIRRO GUAVIRUTUVA,178045,"BAIRRO GUAVIRUTUVA, SN - CENTRO - 07600000"
135798,HOSPITAL DARCY VARGAS CL HOSP,178046,"R DOUTOR SERAFICO DE ASSIS CARVALHO, 34 - MORUMBI - 05614040"
115957,HOSPITAL DARCY VARGAS CL HOSPITALAR,178047,"R DOUTOR SERAFICO DE ASSIS CARVALHO, 40 - MORUMBI - 05614040"
115958,HOSPITAL DARCY VARGAS CL HOSP,178046,"R DOUTOR SERAFICO DE ASSIS CARVALHO, 34 - MORUMBI - 05614040"
115959,HOSPITAL DARCY VARGAS CL HOSP,178046,"R DOUTOR SERAFICO DE ASSIS CARVALHO, 34 - MORUMBI - 05614040"
115960,CLASSE PROVJTO A EEPG MARECHAL FLORIANO,178048,"HOSPITAL SAO PAULO, SN -  - 10000000"
135799,HOSPITAL ANTONIO PRUDENTE CL HOSPITALAR,173815,"ANTONIO PRUDENTE PROFESSOR, 211 - LIBERDADE - 01509010"
115961,ACAMPAMENTO LAUDENOR DE SOUZA,178049,"ACAMPLAUDENOR DE SOUZA, SN - CENTRO - 18440000"
115962,BAPTISTA NALINI,178050,"RODOVIA CAMPINASMOGI MIRIM, KM 111 - FAZENDA MONTE DESTE - 13001970"
115963,BAIRRO RIBEIRAO BONITO,178051,"BAIRRO RIBEIRAO BONITO, SN - CENTRO - 17475000"
115964,NILTON SALVADEO,170017,"FAZENDA GLORIA, SN - CENTRO - 17490000"
115965,DOM ATICO EUZEBIO ROCHA,178052,"TRES BARRAS, SN - TRES BARRAS - 16500000"
115966,PROFA MARIA ESTHER TOFFOLI,163068,"ESTR MUN TUCURUVI MOZINI, SN - TUCURUVI - 17800000"
115967,JOSEPHINA LORENZETTI,178053,"FAZSAO JOSE, SN - CENTRO - 17490000"
135800,MARIA AFONSINA GIORGIO ZAMITH,178054,"AVDRANTONIO PINHEIRO JR, 3900 - PONTE ALTA - 12412010"
115968,AGROVILA III,178055,"RUA PRINCIPAL, SN - AGROVILA III - 18440000"
115969,MONSENHOR PEDRO PAULO FARAHT,178056,"BOM RETIRO DOS MOURAO, SN -  - 13270000"
115970,BAIRRO GUARAIUVA,178057,"ESTRBSNDEIRANTES KM 02, SN -  - 00000000"
115971,CLPROVJARDIM DOS EUCALIPTOS QUINTA,178058,"JD DOS EUCALIPTOS, SN -  - 00000000"
115972,BAIRRO DO CAGADO,173103,"BAIRRO DO CAGADO, SN - CENTRO - 18800000"
115973,FAZENDA DO MILHO HIBRIDO ATALIBA LEONEL,178059,"FATALIBA LEONELBDAS ARARAS, SN - SAO BERTO - 18780000"
135801,DONA NARCIZA MASCARI FERRAZ,178060,"RUA DO COMERCIO, S.N - QUADRO - 14900000"
115974,MARIA APARECIDA DE CARLI FELIPE,178061,"REGIDIO CAPODIFOGLIOS/N, SN -  - 00000000"
115975,CL PROV ERNESMAR DE OLIVEIRA,178062,"ESTRADA YOSHIRO TOZAKI, SN - SILOP - 11680000"
115976,CL PROV PEDRO JOAO DE OLIVEIRA,178063,"RUA BENEDITO SERRADO, SN - TABATINGA - 11679150"
115977,MARIA DA GLORIA BARACAT PROFA,178064,"FAZENDA SAO JOSE, KM 8 - CENTRO - 17400000"
135802,CL PROV MARIANA MILITAO RODON,178065,"AV TANCREDO NEVES, SN - CENTRO - 17830000"
115979,CL PROV JARDIM LAURA,178066,"JARDIM LAURA, SN -  - 00000000"
115980,JOSE QUERINO RIBEIRO,178067,"ESTGUARAREMA/LAGOA NOVA, 1002 - LAGOA NOVA - 08900000"
115981,HIPOLITO FERRARI,178068,"CINCO LAGOS, SN - CENTRO - 07600000"
115982,CELESTINO ANDRE TREVISAN,178069,"BAIRRO CACEIA, SN - CENTRO - 07600000"
115983,SAO VICENTE,178070,"SAO VICENTE, SN -  - 00000000"
135803,JULIANO CANGANE,178071,"AV CINSCO S/N, SN -  - 00000000"
115984,JOSE PEREIRA NETO,178072,"JOSE PEREIRA NETO, SN -  - 12600000"
115985,SAO MARTINHO D OESTE,178073,"AV AUGUSTO CERVIGNE, SN - SAO MARTINHO DOESTE - 16310000"
135804,MARIA RAMOS GONZALES PROFA,178074,"RSALVADOR SOLER GIMENES, 140 - CENTRO - 16310000"
115986,CL PROVJTO A FLORASSU FERNANDES DOS SANTOS,178075,"PRACA DA ESTACAO S/N, SN -  - 00000000"
115987,JOAQUIM VIEIRA,178076,"REUGENIA CARMEN MOISES, SN -  - 13970000"
115988,BAIRRO DO CATUCABA,178077,"BAIRRO DO CATUCABA, SN -  - 00000000"
115989,BAIRRO DO PINHEIRINHO,178078,"BAIRRO DO PINHEIRINHO, SN -  - 00000000"
115990,BAIRRO DO ATERRADO,178079,"BAIRRO DO ATERRADO, SN -  - 00000000"
115991,BAIRRO DO PADRE,178080,"BAIRRO DO PADRE, SN -  - 00000000"
115992,ACAMPAMENTO ZUMBI DOS PALMARES,178081,"ACAMPZUMBI DOS PALMARES, SN - CENTRO - 18775000"
115993,BAIRRO DO CHARQUEADO,178082,"BCHARQUEADO, SN - CIPO - 06900000"
115994,BAIRRO LAGOA GRANDE,178083,"DO GRUPO, SN - LAGOA GRANDE - 06900000"
135805,DISTRITO DE MANGARATU,178084,"AVRIO BRANCOS/N, SN - CENTRO - 15440000"
115995,MARIA DE CAMPOS PIRES MACIEL PROFESSORA,178085,"RUA REGENTE FEIJO, N 53 - GUAIANAS - 17280000"
115996,ANA DE BARROS SERNIGOI PROFA,178086,"RUA BENEDITO MSFRANCA127, SN - CENTRO - 12580000"
115997,ERNESTO MARCONDES RANGEL PROF,178087,"AV PORTUGAL187, SN - CENTRO - 12580000"
115998,MANOEL LIMAO,178088,"RUA AMARO SARDINHA, SN - CENTRO - 17170000"
115999,ABILIO FRANCISCO DE SALES,178089,"RUA COCEICAO300, SN - CENTRO - 17170000"
135806,GINO BOLOGNESI,178090,"ROSCAR EBUENO, 571 -  - 17620000"
116000,DIAMANTINO RIBEIRO PEREIRA,178091,"RUA JOSE PEDRO FERREIRA156, SN - CENTRO - 14580000"
116001,VICENTINA AZEVEDO MINHOTO PROFA,178092,"FAZ FLORA DE CAMPO BONITO, SN - CENTRO - 18290000"
116002,AUREA SOARES SONEGO PROFA,178093,"RUA TRES S/N, SN - DUPLO CEU - 15472000"
116003,ELISEU ALVES TEIXEIRA,178094,"RUA AUGUSTO ITAGIBA FRANCO, 70 - DISTRITO DE ALTO PORA - 14470000"
135807,JOSE ANTONIO BORELLI,178095,"VIA CATANDUVA ITAJOBI KM 07, SN - KM 7 - 15800000"
116004,IZAURA ROQUE QUERCIA,178096,"RUA PROFESSOR GETULIO FRANCA, 47 - DISTRITO DE IGACABA - 14470000"
116005,EUNICE DIAS BATISTA PROFA,178097,"BAIRRO ANTUNES, SN - ANTUNES - 18380000"
116006,NUCLEO BONANZA,178098,"GLEBA XV DE NOVEMBRO SETOR I, SN - GLEBA XV DE NOVEMBRO - 19273000"
116007,BAIRRO DA ENCRUZILHADA,178099,"RODOVIA DPEDRO I KM 645, SN - JARDIM IMPERIAL - 12950000"
135808,BAIRRO ROSEIRAS,178100,"BAIRRO ROSEIRAS, SN - ROSEIRAS - 18320000"
116008,CLPROVJUNTO A ROSANGELA BASILE,178101,"RUA SAMUEL MARTINELLI450, SN - VILA GUIOMAR - 14031000"
116009,CLPROVJUNTO A ROSANGELA BASILE,178101,"RUA SAMUEL MARTINELLI450, SN - VILA GUIOMAR - 14031000"
116010,PROFERNESMAR DE OLIVEIRA,178102,"ESTRADA YOSHIWO TOZAKI, SN -  - 11690000"
135809,BAIRRO DO MACUCO,178103,"BAIRRO DO MACUCO, SN - CENTRO - 12530000"
116012,DONA GABRIELA EMILIA CPACHECO,178104,"AVENIDA VITAL BRASIL, SN - CANJICA - 13300000"
116013,BAIRRO BOA VISTA INTERVALES,178105,"BOA VISTA INTERVALES,  SN -  - 18305000"
135810,TANIA SUSI BONAVITA PROFA,178106,"R MALDEODORO, 245 - VELIZABETH - 11550010"
116014,CAETANO ZANIN,178107,"FAZSAO JOAQUIMUSINA ZANIN, SN -  - 14801970"
116015,CL PROV CJTO PQ ECOLOGICO ERMELINDO MATARAZZO,178108,"PQ ECOLOG ERMELINO MATARAZZO, SN -  - 00000000"
116016,CL PROV CJTO PQ ECOLOGICO ERMELINO MATARAZZO,178108,"PQ ECOLOG ERMELINO MATARAZZO, SN -  - 00000000"
116017,CL PROV CJTO PQ ECOLOGICO ERMELINO MATARAZZO,178108,"PQ ECOLOG ERMELINO MATARAZZO, SN -  - 00000000"
135811,CL PROV CJTO PQ ECOLOGICO ERMELINO MATARAZZO,178108,"PQ ECOLOG ERMELINO MATARAZZO, SN -  - 00000000"
116018,CL PROV JTO PQ ECOLOGICO ERMELINO MATARAZZO,178108,"PQ ECOLOG ERMELINO MATARAZZO, SN -  - 00000000"
116019,CL PROV JTO PQ ECOLOGICO ERMELINO MATARAZZO,178108,"PQ ECOLOG ERMELINO MATARAZZO, SN -  - 00000000"
116020,CL PROV NO INTERNATO PARADA DE TAIPAS,178109,"RUA PROJETADA, SN - VILA BRASILANDIA - 02820000"
116021,HOSPITAL DAS CLINICAS RIBEIRAO PRETO CLASSE HOSPITALAR,178110,"AV BANDEIRANTES, 3900 - VL MTE ALEGRE - 14040030"
135812,HOSPITAL DAS CLINICAS RIBEIRAO PRETO FMSP CL HOSPITALAR,178110,"AV BANDEIRANTES, 3900 - VL MTE ALEGRE - 14040030"
116022,CL PROV VINC A EE SOLD EDER BERNARDES DOS SANTOS,178111,"RUA ARY CORDOVIL 200, SN - ITAIM PAULISTA - 08131300"
116023,CL CENTRO DE CONVIVENCIA INFANTIL VINC ATAULPHO ALVES,178112,"RUA MARIA SUZANO POLILO485, SN - VILA ROSARIA - 08021300"
116024,CL PROVVILA SILVIA 1 VINC A ANNA PTNATALI,178113,"RUA NOVO ORIENETE DO PIAUI191, SN -  - 10000000"
116025,CL PROVVILA SILVIA 2 VINC ANNA PTNATALI,178114,"TUA NOVO ORIENTE DO PIAUI191, SN -  - 10000000"
116026,CL PROVVILA SILVIA 3 VINC A ANNA PTNATALI,178115,"RUA NOVO ORIENTE DO PIAUI191, SN -  - 10000000"
116027,BAIRRO DO LAGEADO,178116,"RUA DOMINGUES ALVES74, SN - LAGEADO - 11960000"
116028,LUIZ MOREIRA DA SILVA,178117,"BAIRRO FIGUEIRA, SN - CENTRO - 07500000"
116029,MILTON BARBOSA,178118,"AV VICENTE MATHEUS, SN - CENTRO - 07400000"
135813,FAZENDA TAQUARI,178119,"ESTRADA JOAO FERREIRA SOBRINHO, SN - ZONA RURAL - 14470000"
116030,SILVIA CRUZ ORTOLAN PROFA,178120,"USINA SANTO ANTONIO, SN - ZONA RURAL - 14160000"
116031,ALDEIA PINDO TY,178121,"ALDEIA PINDO  TY, SN - LINHA JURUBATUBA - 11930000"
116032,ALDEIA PEGUAO TY,178122,"PARQUE ESTADUAL INTERVALES, SN - SAIBADELA - 11910000"
116033,KUARAY O E A SOL NASCENTE,178123,"ALDEIA ITAOCA, SN - ALDEIA ITAOCA - 11730000"
135814,ALDEIA AGUAPEU,178124,"ALDEIA AGUAPEU, SN - AGUAPEU - 11730000"
116034,ALDEIA PIACAGUERA,178125,"ALDEIA PIACAGUERA, SN - SANTA CRUZ - 11750000"
116035,BAIRRO DO SALTINHO,178126,"BAIRRO DO SALTINHO, SN - SALTINHO - 18380000"
116036,ILMA DE ASSIS PROFA,178127,"BAIRRO CHAPEUZINHO, SN -  - 18325500"
116037,SITIO BANDEIRANTES,178128,"SITIO BANDEIRANTES, SN - SITIO BANDEIRANTES - 17560000"
135815,HOSPITAL DARCY VARGAS CLASSE HOSPITALAR,178046,"R DOUTOR SERAFICO DE ASSIS CARVALHO, 34 - MORUMBI - 05614040"
116038,ADOLFO TRIPOLI CL HOSPITALAR DARCY VARGAS,178046,"R DOUTOR SERAFICO DE ASSIS CARVALHO, 34 - MORUMBI - 05614040"
116039,HOSPITAL DARCY VARGAS CL HOSPITALAR,178046,"R DOUTOR SERAFICO DE ASSIS CARVALHO, 34 - MORUMBI - 05614040"
116040,HOSPITAL DAS CLINICAS DE MARILIA CLASSE HOSPITALAR,178129,"SAMPAIO VIDAL, 42 - BARBOSA - 17501441"
135816,ASSENTAMENTO LAUDENOR DE SOUZA,178130,"ASSENTAMENTO LAUDENOR DE SOUZA, SN - ASSENTAMENTO LAUDENOR DE SOUZA - 19280000"
116042,ASSENTAMENTO SANTA ZELIA,178131,"ASSENTAMENTO SANTA ZELIA, SN - SANTA ZELIA - 19280000"
116043,DJEKUPE AMBA ARANDY,178132,"ESTRADA TURISTICA DO JARAGUA, 3710 - VILA JARAGUA - 05161000"
135817,JORGE FERNANDES PROF,178133,"RODCONSTANTE PERUCHI KM 159C, SN - CASCALHO - 13490000"
116044,VILA KAMAITI EE,178134,"VILA KAMAITI, SN - VILA KAMAITI - 11850000"
116045,PAULO ROSSI PROF CL HOSPITALAR HOSP SERV PUB ESTADUAL,178135,"R PEDRO DE TOLEDO, 1800 - VL CLEMENTINO - 04039004"
116046,PAULO ROSSI PROF CL HOSPITALAR HOSP SERV PUB ESTADUAL,178135,"R PEDRO DE TOLEDO, 1800 - VL CLEMENTINO - 04039004"
116047,BAIRRO CAXIMBA,178136,"ROD SEBASTIAO FERRAZ DE CAMARGO PENTEADO, SN - BAIRRO CAXIMBA - 18320000"
135818,HOSPITAL ANTONIO PRUDENTE CL HOSPITALAR,173815,"ANTONIO PRUDENTE PROFESSOR, 211 - LIBERDADE - 01509010"
116048,VILA TUPA,178137,"OVIDIO CORREA, SN - BRIGADEIRO TOBIAS - 18108310"
116049,JOSE FRANCISCO FARIA,178138,"ESTRADA CACHOEIRA, SN -  - 12940000"
116050,CENTRO ATEND SOCIOEDUC ADOLESCENTE  ARACA  CI,178139,"ESTRADA GOULART, SN - JARDIM PAULISTA - 16060280"
116051,CENTRO DE ATEND SOCIOEDUC AO ADOLESCENTE  UI34,178140,"RUA CORONEL MURSA, 270 - BRAS - 03045050"
116052,CENTRO DE ATEND SOCIOEDUC AO ADOLESCENTE  UI34,178141,"RUA CORONEL 270 BRAS, 270 -  - 03045050"
116053,CENTRO ATEND SOCIOEDUC ADOLESCENTE PIRITUBA CI,178142,"STEFANO MAUSER, 651 - JARDIM REGINA - 05175200"
116054,CENTRO ATEND SOCIOEDUC ADOLESC RIO SAO FRANCISCO  UI35,178143,"RCEL MURSA, 270 - BRAS - 03045050"
135819,CENTRO ATEND SOCIOEDUC ADOLESC RIO SAO FRANCISCO  UI35,178143,"RCEL MURSA, 270 - BRAS - 03045050"
116055,CENTRO ATEND SOCIOEDUC ADOLESCENTE GRANDES LAGOS CI,178144,"RODOVIA DELCIO CUSTODIO DA SILVA, SN - RESIDENCIAL HELENA - 15046450"
116056,CENTRO DE ATEND SOCIOEDC AO ADOLESCENTE RIO TAMISA CI 36,164966,"MURSA CORONEL, 270 - BRAS - 03043050"
116057,CENTRO DE ATEND SOCIOEDC AO ADOLESCENTE RIO TAMISA CI 36,164966,"MURSA CORONEL, 270 - BRAS - 03043050"
135820,CENTRO ATEND SOCIOEDUC ADOLESCENTE DE SAO CARLOS  CIP,173861,"AYRTON SALVADOR LEOPOLDINO JUNIOR, SN - CONJUNTO HABITACIONAL WALDOMIRO LOBBE SOBRINHO - 13570829"
116059,CENTRO ATEND SOCIOEDUC ADOLESCENTE  TATUAPE  UI,165153,"AV CELSO GARCIA, 2231 - BRAS - 03015000"
116060,CENTRO ATEND SOCIOEDUC ADOLESCENTE  TATUAPE  UI,165153,"AV CELSO GARCIA, 2231 - BRAS - 03015000"
116061,CENTRO ATEND SOCIOEDUC ADOLESCENTE  TATUAPE  UI,165153,"AV CELSO GARCIA, 2231 - BRAS - 03015000"
116062,CENTRO ATEND SOCIOEDUC ADOLESC  ADONIRAN BARBOSACI,178145,"AV CONDELIZABETH ROBIANO450, SN - VILA MOREIRA - 03074000"
116063,CENTRO ATENDSOCIOEDUCADOLESC  ADONIRAN BARBOSAUI,178146,"AV COND ELIZABETH ROBIANO, 450 - BRAZ - 03074000"
116064,CENTRO ATEND SOCIOEDUC ADOLESC UNID ARACATUBAUI,178147,"EST GOULART, SN - FAZ ESTADO - 16060280"
135821,CENTRO ATEND SOCIOEDUC ADOLESC  PARADA DE TAIPAS  UI,178148,"RUA PROJETADA 2 BRASILANDIA, SN - CONJUNTO RESIDENCIAL ELISIO TEIXEIRA LEITE - 02815000"
116065,CENTRO ATEND SOCIOEDUC ADOLESCENTE DE BAURU  CI,178149,"AVENIDA LUCIO LUCIANO, KM231 - NUCLEO RESIDENCIAL PRESIDENTE GEISEL - 17033530"
116066,CENTRO ATEND SOCIOEDUC AO ADOLESCENTE DE ARARAQUARA CI,165091,"JOSE GORLA, 145 - CONDOMINIO SATELITE - 14808585"
116067,CENTRO ATEND SOCIOEDUC AO ADOLESCENTE DE ARARAQUARA CI,165091,"JOSE GORLA, 145 - CONDOMINIO SATELITE - 14808585"
116068,EE JOAO BATISTA DE OLIVEIRA CL PROV UIUIP,178150,"RUA G LOTEAMENTO CONDSATELITE, SN - CENTRO - 14801320"
135822,CENTRO ATEND SOCIOEDUC ADOLESCENTE DE SAO VICENTECIP,178151,"ROD MANOEL DA NOBREGA, SN - SAMARITA - 11346300"
135823,CENTRO ATEND SOCIOEDUC ADOLESCENTE DE SAO VICENTE CI,178152,"RODOVIA MANOEL DA NOBREGA, SN - SAMARITA - 11346300"
116070,CENTRO ATEND SOCIOEDUC ADOLESCENTE DE SOROCABA CI,178153,"AVENIDA ANTONIO DE SOUZA NETO, 570 - APARECIDA - 18087900"
116071,CENTRO ATEND SOCIOEDUC ADOLESCENTE DE SOROCABA CI,178154,"AVENIDA ANTONIO DE SOUZA NETO, 570 - APARECIDINHA - 18087900"
116072,EE PROFA BEATHRIS CAIXEIRO DEL CISTIA CL PROV UIUIP,178155,"AV ANTONIO DE SOUZA NETO, 570 - APARECIDA - 18087360"
135824,CENTRO ATEND SOCIOEDUC ADOLESCENTE  DE BAURU  CI,178149,"AVENIDA LUCIO LUCIANO, KM231 - NUCLEO RESIDENCIAL PRESIDENTE GEISEL - 17033530"
116073,CEES DE MARILIA CL PROV UIUIP,178156,"R SETE DE SETEMBRO, KM343 - B VISTA - 17501560"
116074,CENTRO ATEND SOCIOEDUC ADOLESCENTE DE MARILIA  CI,165048,"RODOVIA SP 333, KM 343 - AMADEU AMARAL - 17500970"
116075,EE CARLOTA DE NEGREIROS ROCHA CL PROV UIUIP,178157,"R ANTONIO AUGUSTO NETTO, 344 - FRAGATA - 17501280"
116076,CENTRO ATEND SOCIOEDUC ADOLESCENTE PARADA DE TAIPAS CI,178158,"RUA PROJETADA 02, SN - CONJUNTO RESIDENCIAL ELISIO TEIXEIRA LEITE - 02820000"
116077,CENTRO ATEND SOCIOED ADOLESC  CHIQUINHA GONZAGACIP3,178159,"JAPURUCHITA, 300 - ALTO DA MOOCA - 03128070"
116078,CENTRO DE ATEND SOCIOEDUC AO ADOLESCENTE ITAPARICA  CIP6,178160,"RUA CORONEL MURSA, 618 - BRAS - 03043050"
135825,CENTRO DE ATEND SOCIOEDUC AO ADOLESCENTE RIO PARANA CIP,178161,"R CORONEL MURSA, 270 - BRAS - 03043050"
116079,CENTRO DE ATEND SOCIOEDUC AO ADOLESCENTE  CIP8,178161,"R CORONEL MURSA, 270 - BRAS - 03043050"
116080,JULIA M PANTOJA CL PROVINT FEMININO MOOCA UIP,178159,"JAPURUCHITA, 300 - ALTO DA MOOCA - 03128070"
116081,JULIA MACEDO PANTOJA CL PROV UIP3 CHIQUINHA GONZAGA,178159,"JAPURUCHITA, 300 - ALTO DA MOOCA - 03128070"
116082,CENTRO DE ATEND SOCIOEDUC AO ADOLESCENTE ITAPARICA  CIP6,178160,"RUA CORONEL MURSA, 618 - BRAS - 03043050"
116083,CENTRO DE ATEND SOCIOEDUC AO ADOLESCENTE RIO PARANA CIP,178161,"R CORONEL MURSA, 270 - BRAS - 03043050"
135826,CENTRO DE ATENDIMENTO SOCIOEDUCATIVO AO ADOLESCENTE JUQUIA ? CASA JUQUIA CI,178161,"R CORONEL MURSA, 270 - BRAS - 03043050"
116084,CENTRO ATEND SOCIOEDC ADOLESC INTERNATO FEM MOOCA CI,178159,"JAPURUCHITA, 300 - ALTO DA MOOCA - 03128070"
116085,CENTRO ATEND SOCIOEDUC ADOLESCENTEENCOSTA NORTECI,178162,"ARY CORDOVIL, 250 - ITAIM PAULISTA - 08131300"
116086,CENTRO ATEND SOCIOEDUC ADOLESC  ENCOSTA NORTECI,178162,"ARY CORDOVIL, 250 - ITAIM PAULISTA - 08131300"
116087,CENTRO ATEND SOCIOEDUC ADOLESC  VILA CONCEICAOCI,178163,"JEAN LACOME, 78 - JARDIM QUISISANA VILA NOVA CURUCA - 08150586"
116089,CENTRO ATEND SOCIOEDUC ADOLESC  VILA CONCEICAOCI,178163,"JEAN LACOME, 78 - JARDIM QUISISANA VILA NOVA CURUCA - 08150586"
135827,CENTRO ATEND SOCIOEDUC ADOLESC FAZ DO CARMO INT CI,178164,"RUA PROFESSOR HASEGAWA, 100 - COLONIA ZONA LESTE - 08260090"
116090,CENTRO ATEND SOCIOEDUC AO ADOLESCENTE IPE CI,178165,"RODOVIA RAPOSO TAVARES, KM19,5 - JARDIM ARPOADOR - 05577300"
116091,CENTRO ATEND SOCIOEDUC AO ADOLESCENTE NOGUEIRA 27 CI,178165,"RODOVIA RAPOSO TAVARES, KM19,5 - JARDIM ARPOADOR - 05577300"
116092,CENTRO ATEND SOCIOEDUC AO ADOLESCENTE JATOBA 28 CI,178165,"RODOVIA RAPOSO TAVARES, KM19,5 - JARDIM ARPOADOR - 05577300"
135828,INSTITUTO CARDEAL CLASSE PROVISORIA,178166,"AVENIDA DOS FUNCIONARIOS PUBLICOS, 1330 - JD HORIZONTE AZUL - 04962000"
116093,ERNESTINO LOPES DA SILVA CLPROV UIP 32 BURUTI,178167,"ESTRVARGEM GRANDE, 1000 - CONJUNTO - 04896090"
116094,LUCAS RUSCHEL RASQUINHO CLPROV UIP 32 BURITI,178168,"ESTR VARGEM GRANDE 1000 CJTO, SN - JARDIM SANTA TEREZINHA PARELHEIROS - 04896090"
116095,ERNESTINO LOPES DA SILVA CLPROV UIP 32 MANACAS,178169,"ESTR VARGEM GRANDE, 1000 - CONJUNTO - 04896090"
116096,LUCAS RUSCHEL RASQUINHO CLPROV UIP 32 MANACAS,178169,"ESTR VARGEM GRANDE, 1000 - CONJUNTO - 04896090"
135829,CENTRO ATEND SOCIOEDUC ADOLESCENTE  JACARANDA 21  CI,178170,"ESTRADA DO GOVERNO, SN - POUSO ALEGRE - 07859340"
135830,CENTRO ATEND SOCIOEDUC ADOLESCENTE  RIO NEGRO 25  CI,178170,"ESTRADA DO GOVERNO, SN - POUSO ALEGRE - 07859340"
116098,CENTRO ATEND SOCIOEDUC ADOLESCENTE  TAPAJOS 29  CI,178170,"ESTRADA DO GOVERNO, SN - POUSO ALEGRE - 07859340"
116099,BENEDITO APTAVARES CLPROV UN30 UIP,178171,"R HIPOLITO TRIGOSANTIAGO, SN - JD CRUZEIRO - 07804080"
116100,BENEDITO AP TAVARES CLPROV UN31 PAINEIRAS UIP,178171,"R HIPOLITO TRIGOSANTIAGO, SN - JD CRUZEIRO - 07804080"
116101,CENTRO ATEND SOCIOEDUC ADOLESC  FRANCO DA ROCHACI 1,178172,"RUA MARCOS VINICIUS DONADEL GOES, 100 - PARQUE INDUSTRIAL - 07859340"
116102,CENTRO ATEND SOCIOEDUCATIVO AO ADOLESC TERRA NOVA CI,178173,"RUA ZAIRE, 208 - JARDIM ADRIANE - 08598740"
116103,CENTRO ATEND SOCIOEDUC ADOLESCENTE INT JEQUITIBA  CI,178174,"JOSE PERINA, 30 - JARDIM SAO VICENTE - 13045185"
135831,CENTRO ATEND SOCIOEDUC ADOLESCENTE  AMAZONAS  CIP5,178175,"FRANCISCO BIANCHINI, SN - VILA GEORGINA - 13043720"
116104,CENTRO ATEND SOCIOEDUC ADOLESC SANTA EMILIA GUARUJA CI,174396,"ADHEMAR DE BARROS, 571 - VILA SANTO ANTONIO - 11430000"
116105,CENTRO ATEND SOCIOEDUC ADOLESCENTEGRANDES LAGOSCIP,178176,"ROD DELCIO CUSTODIO DA SILVA, KM 3,5 - RODOVIA - 15046450"
116106,CENTRO ATEND SOCIOEDUC ADOLESC  ARACA  CI,178139,"ESTRADA GOULART, SN - JARDIM PAULISTA - 16060280"
116107,CENTRO ATEND SOCIOEDUC ADOLESCENTE RIBEIRAO PRETO UI 3,178177,"RODOVIA MARIO DONEGA, KM 2 -  - 14001970"
116108,CENTRO ATEND SOCIOEDUC ADOLESCENTE RIBEIRAO PRETO CI,178178,"GEOVANA APARECIDA DELIBERTO, KM 2 - JARDIM ITAU - 14034000"
135832,CENTRO ATEND SOCIOEDUC ADOLESCENTE CI RIO PARDO,160786,"GEOVANA APARECIDA DELIBERTO, KM 2 - ZONA RURAL - 14001970"
116109,EE PROFA EDITH SILVEIRA DALMASO CLPROV UIP04,178179,"ROD AMARIO DONEGA KM 2, SN -  - 14160000"
116110,HOSP CLINICAS RIBEIRAO PRETO CL HOSPITALAR,178180,"AV BANDEIRANTES, 3900 - VL MONTE ALEGRE - 14040030"
116111,BAIRRO DO ALEGRE,178181,"BAIRRO DO ALEGRE, SN - BAIRRO DO ALEGRE - 12260000"
116112,FAZENDA SANTA MONICA,178182,"RODOV JOAO TRAFICANTE, SN - ZONA RURAL - 14400000"
116113,ALCIDES RAMOS ANTUNES DR,178183,"BAIRRO TANGARA SECCAO 3, SN -  - 16400000"
116114,FERNANDO GOMES DE CASTRO PROF,178184,"AGUA LIMPA, SN - BAIRRO AGUA LIMPA - 16000000"
116115,IVO MORGANTI ENGENHEIRO,178185,"FAZENDA DA SERRA, SN - CENTRO - 14815000"
135833,SANTA CASA DE ARACATUBA CLASSE HOSPITALAR,178186,"FLORIANO PEIXOTO, 896 - VILA MENDONCA - 16015000"
116116,HERMENEGILDO MONTESI,178187,"ESTRMUNICVISCDE MOSSORO, SN - JARDIM SANTA TEREZA - 12045000"
116117,NUCLEO PL,178188,"AV PLDO BRASIL, KM 8 - JAGUARI - 07400000"
135843,GERALDO DO ESPIRITO SANTO FOGACA DE ALMEIDA,178189,"NILZA NEVES ZULIANI, 300 - JARDIM SANTA BARBARA - 18053367"
116158,CENTRO ATEND SOCIOEDUC ADOLESCENTE DE SERTAOZINHO CI,178190,"RODOVIA CARLOS TOGNANI KM 92, SN - CHACARA BOA VISTA - 14160970"
116159,CENTRO ATEND SOCIO EDUC ADOLESCENTE DE SERTAOZINHOUIP,178191,"RODCARLOS TOGNANI KM 92, SN - CHACARA BOA VISTA - 14160970"
116160,CENTRO ATEND SOCIOEDUC ADOLESCENTE  RIO NOVO  CI,178192,"ESTRADA JAIR GILBERTO CAMPANATI, S/N - CENTRO - 18775023"
116161,CENTRO ATEND SOCIOEDUC ADOLESCENTE  TRES RIOS  CI,178192,"ESTRADA JAIR GILBERTO CAMPANATI, S/N - CENTRO - 18775023"
135846,CENTRO ATEND SOCIOEDUC ADOLESCENTE VITORIA REGIA LINS  CI,173816,"RODOVIA DAVID EID, KM 1,5 - RURAL - 16401490"
116162,CENTRO ATEND SOCIOEDUC ADOLESCENTE RIO DOURADO LINS  CI,178193,"DAVID EID, 2 - CONJUNTO HABITACIONAL FRANCISCO JOSE DE OLIVEIRA R - 16401490"
116189,JARDIM SANTA TEREZINHA,178194,"TAUBATE, 180 - CIDADE SOBERANA - 07161180"
116190,PROFA CLEOMAR DE BARROS CASTILHO MARQUES,178195,"OSWALDO CONTADOR, 51 - JARDIM PIRES I - 17209377"
116206,CENTRO DE ATEND SOCIOEDUCATIVO AO ADOLESCENTE SANTOS CI,178196,"RODOVIA RIO SANTOS, SN - MONTE CABRAO - 11220000"
116217,HOSPITAL PSIQ ANDRE LUIZ ASSOC BENEF ESP DE GARCA CL HOSP,178197,"RUA ANDRE LUIZ, 120 - VILA MARIANA - 17400000"
116222,JARDIM MARISA,178198,"RUA TTE ANTONIO SEBASTIAO THOMAZ, SN - JARDIM MARISA - 13053206"
116275,HOSPITAL SANTA MARCELINA CLASSE HOSPITALAR,178199,"RUA ARRAIAL DA ANTA, 325 - VILA CARMOSINA - 08270090"
116359,BAIRRO JUNDIAQUARA,178200,"RUA DR CELSO CHARURI, 283 - JUNDIAQUARA - 18190000"
116367,ADRIANA CARDOSO PROFESSORA,178201,"LUIZA AUGUSTA GARLIPE, SN - LOTEAMENTO VILA ESPERANCA - 13082603"
135911,CENTRO ATEND SOCIOEDUC ADOLESCENTE CANDIO PORTINARI CI,178202,"RODOVIA GEOVANA APARECIDA DELIBERTO, SN - JARDIM ITAU - 14034000"
116431,CENTRO ATEND SOCIOED ADOLESCENTE CANDIDO PORTINARI CIP,178202,"RODOVIA GEOVANA APARECIDA DELIBERTO, SN - JARDIM ITAU - 14034000"
116432,CENTRO DE ATEND SOCIOEDUC AO ADOLESCENTE ANDORINHAS CI,178203,"ALADINO SELMI COMENDADOR, 1 - VILA SAN MARTIN - 13069096"
116470,CEL JTO A EE NEWTON PRADO,178204,"JOSE MANOEL DE A OLIVEIRA, 95 - VILA BELA VISTA - 13611420"
116491,JOAO ERNESTO DE ALMEIDA VANNI,178205,"OITO DE MAIO, S/N - AGUAS CLARAS - 12927130"
116501,CEL JTO A ZULMIRA CAMPOS,164598,"PRACA MARECHAL EURICO GASPAR DUTRA, SN - JARDIM CASTELO - 11088260"
135930,CENTRO DE ATEND SOCIOEDUC AO ADOLESC NELSON MANDELA CI,178206,"LUCIO LUCIANO QUADRA, 351 - NUCLEO RESIDENCIAL PRESIDENTE GEISEL - 17033530"
116513,MARIA HELENA GAZZI BONADIO PROFESSORA,178207,"CASSIO SALERNO DOUTOR, SN - IPANEMA VILLE - 18071059"
116516,BERNARDO CARO,178208,"HIPISMO, 100 - CONJUNTO HABITACIONAL RESIDENCIAL OLIMPIA - 13069400"
116519,CDP ASP VALDECIR FABIANO DE RIOLANDIA,178209,"ESTRADA MUNICIPAL RIOLANDIA/CARDOSO, 667 - RURAL - 15495000"
116520,ORACY MATRICARDI PROF,178210,"SANTINA DE SOUZA OLIVETTE, 160  B - CONJUNTO HABITACIONAL ANA JACINTA - 19064290"
135933,PROFESSOR PEDRO ANTONIO FERRAZ DE ANDRADE,178211,"LAURO ZIMMERMANN FILHO, SN - JARDIM ITAMARATY - 19904282"
116521,PARQUE DAS AROEIRAS II,178212,"JOAO ARCANJO, SN - PARQUE DAS AROEIRAS II - 15042166"
116522,PARQUE NOVA ESPERANCA,178213,"REGINALDO ALVES DE OLIVEIRA, SN - LOTEAMENTO PARQUE NOVA ESPERANCA - 15047373"
116523,CEEJA DE ARACATUBA,178214,"AMERICA DO NORTE, SN - JUSSARA - 16021295"
116553,CENTRO DE ATEND SOCIOEDUC AO ADOLESCENTE RIO NILO CI,165169,"PIRATININGA, 85 - BRAS - 03042001"
116559,CENTRO DE ATEND SOCIO EDUC AO ADOLESC SANTO ANDRE I CI,178215,"AVENIDA JORGE MARCOS DE OLIVEIRA, 193 - VILA GUIOMAR - 09090480"
116575,PROFA MARIA EUNICE BORGES DE MIRANDA REIS,178216,"JUVENAL BASTOS, 5-15 - PARQUE JARAGUA - 17066570"
116584,PROFESSORA MARIA DE LOURDES LIMA,178217,"DOS CORTES, 243 - JARDIM BELA VISTA - 13835000"
116604,PROFESSOR WALTER LERNER,178218,"RUA DOS CALANGOS, 60 - PARQUE DOROTEIA - 04474270"
116605,ASSENTAMENTO ZUMBI DOS PALMARES,178219,"AREA RURAL, S/N - AREA RURAL DE IARAS - 18779899"
135952,TAGUATO AGUIA,178220,"ESTRADA DO ICAPARA, SN - TOCA DO BUGIO - 11920000"
135955,JOAO LUIZ DE OLIVEIRA PROFESSOR,178221,"ZUMBI DOS PALMARES, 240 - VILA ISIS CRISTINA - 06815630"
116664,DEPUTADO ANTONIO CALIXTO,178222,"LUIS FELICIO, 700 - JARDIM DOUTOR PAULO GOMES ROMEO - 14056735"
135967,PENITENCIARIA DE BERNARDINO DE CAMPOS                       ,178223,"RODOVIA RAPOSO TAVARES SP270, KM 338 - RURAL                          - 18960000"
116669,PROFESSORA LUCIANA DAMAS BEZERRA,178224,"CAMANDUCAIA, SN - PARQUE RESIDENCIAL ALVORADA - 12289381"
116674,HOSP GRUPO DE DEFESA DA CRIANCA COM CANCER CL HOSPITALAR,178225,"MANOEL ILDEFONSO ARCHER DE CASTILHO DOUTOR, 300 - PARQUE DA REPRESA - 13214565"
116681,CENTRO ATEND SOCIOED ADOLESC GOVERNADOR MARIO COVAS CI,165010,"CONDESSA ELISABETH DE ROBIANO, 450 - VILA MOREIRA - 03074000"
116684,CENTRO DE PROGRESSAO PENITENCIARIA DE PORTO FELIZ,178226,"ESTRADA VICINAL PORTO FELIZ A RAFARD, SN - JARDIM CONCEICAO - 18540000"
116701,CENTRO DE ATENDIMENTO SOCIO ED AO ADOLESC PRAIA GRANDE II,174160,"SETE, SN - ESMERALDA - 11713390"
107195,HOSPITAL SAO PAULO CLASSE HOSPITALAR,178227,"NAPOLEAO DE BARROS, 757 - VILA CLEMENTINO - 04024000"
116789,HOSPITAL SAO PAULO CLASSE HOSPITALAR,178228,"RUA NAPOLEAO DE BARROS, 757 - VILA CLEMENTINO - 04024002"
107252,ALDEIA ARACA MIRIM,178229,"RIBEIRAO VERMELHO, SN - RIBEIRAO VERMELHO - 11930000"
107514,APAE DE BASTOS CLAS ESTADUAIS DA EE HARUE M ASAKAWA,178230,"PCA SENGIRO HATANABA, SN - CENTRO - 17690000"
116927,APAE DE DESCALVADO CLASSE ESTADUAL ESPECIAL,178231,"RVITORIO AMADEU CASATI, 26 - CENTRO - 13690000"
116928,ASSOC AO BEM COMUNAO DOWNJABOTI CABRAL CL EE SRA APARECIDA,178232,"AV DO CARMO, 500 - CENTRO - 14870500"
116929,ASSOCIACAO DE REABILITACAO INFANTIL LIMEIRENSE CL EST ESP,178233,"R DR ROBERTO MANGE, 523 - JARDIM MERCEDES - 13480240"
116930,ASSOC AMIGOS DO AUTISTA RIB PRETO CLS EE ALCIDES CORREA,178234,"NELIO GUIMARAES, 184 - ALTO DA BOA VISTA - 14025290"
107515,ASSOCIACAO PESTALOZZI DE SUMARE CL ESTADUAL ESPECIAL,178235,"RUA FRANCISCO MANOEL DE SOUZA, 880 - CHACARA BELA VISTA - 13175500"
116931,RECANTO TIA MARLENE AFUPACE,178236,"RUA DIRCEU ESTEVES GARCIA, 2497 - JARDIM PALMEIRAS I - 15500086"
116932,LAR ESCOLA SAO FRANCISCO CLS ESTDA EE CEZAR MARTINEZ,178237,"RDOS ACORES, 310 - JDIM LUZITANIA - 04032060"
116983,PENITENCIARIA MASCULINA DE MAIRINQUE,178238,"ESTRADA MUNICIPAL SININDU, 6905 - CRISTAL - 18120000"
117132,HOSPITAL SANTA MARCELINA CL HOSPITALAR,178239,"ALDEMAR MOREIRA PADRE, 200 - CIDADE TIRADENTES - 08471010"
117153,PRESIDIO ROMAO GOMES  CLASSE DESCENTRALIZADA,178240,"AV TTEJULIO PRADO NEVES451, SN - VILA ALBERTINA - 02370000"
109353,PENITENCIARIA ZWINGLIO FERREIRA CLASSES PROVISORIAS,178241,"AV ANTONIO MARQUES DA SILVA, SN - CENTRO - 19400000"
117155,PENITENCIARIA MAURICIO HGPEREIRA CLASDESCENTRALIZADAS,178242,"RODOVIA RAPOSO TAVARESKM623, SN - HORTO FLORESTAL - 19400000"
117156,CENTRO DE RESSOCIALIZACAO ARACATUBA CLASSES PROV,178243,"RUA SACADURA CABRAL, 251 - AVIACAO - 16055510"
117157,UNIDADE PRISIONAL DE ATIBAIA CLASSES PROVISORIAS,178244,"RUA JOSE BONIFACIO, 680 - JARDIM BRASIL - 12940210"
117159,UNIDADE PRISIONAL DE BRAGANCA PAULISTA CL PROVISORIAS,178245,"ADOLFO BERTOLOTTI, SN - VILA MUNICIPAL - 12912100"
117160,UNIDADE PRISIONAL DE JALES CLASPROVISORIAS,178246,"RUA CINCO, 2075 - CENTRO - 15700000"
109442,UNIDADE PRISIONAL DE MARILIA CLASSES PROVISORIAS,178247,"RODOVIA COMANDANTE JOAO RIBEIRO BARROS, SN - DISTRIITO PADRE NOBREGA - 17500970"
117161,PENITENCIARIA JOAO BATISTA A SAMPAIO CLASPROVISORIAS,178248,"RUA DOIS, 623 - CENTRO - 13530000"
117162,PENITENCIARIA DE MARTINOPOLIS CLS PROVISORIAS,178249,"ROD HOMERO SEVERO LINS, 542 - LARANJA DOCE - 19500000"
117163,CENTRO DE RESSOCIALIZACAO DE PRES PRUDENTE CLASSES PROV,178250,"ESTRADA VICINAL RAIMUNDO MAIOLINI, KM 6 - MONTALVAO - 19110000"
117164,PENITENCIARIA DE JUNQUEIROPOLIS CLS PROVISORIAS,178251,"ROD JOAO RIBEIRO BARROS KM 638, SN - CENTRO - 17890000"
117165,CENTRO REABILITACAO PENITENCIARIA OSVALDO CRUZ CLS PROV,178252,"COMANDANTE JOAO RIBEIRO BARROS, SN - VENDA BRANCA - 17700000"
117166,PENITENCIARIA VALENTIM ALVES DA SILVA CLASSES PROVISORIAS,178253,"RODMAMEDE DE BARRETOS SP KM 349, SN - CENTRO - 17410000"
109473,CENTRO DE RESSOCIALIZACAO DE ITAPETININGA CLASSES PROV,178254,"ROD GLADYS BERNARDES MINHOTO, SN - VILA BELO HORIZONTE - 18211265"
117167,PENITENCIARIA DE ANDRADINA CLS PROVISORIAS,178255,"R PAES LEME, SN - VILA SANCHES - 16900119"
109505,PENITENCIARIA NESTOR CANOAMIRANDOPOLIS CLS PROVISORIAS,178256,"AV DR OSWALDO B FARIAS, 4450 - PRIMEIRA ALIANCA - 16800000"
117168,CENTRO DE RESSOCIALIZACAO DE MOCOCA CLS PROVISORIAS,178257,"R SASSAKI MASSAO108 DIND II, SN - DISTRITO INDUSTRIAL II - 13739110"
109916,PENITENCIARIA DE TAQUARITUBA,178258,"RODOVIA ESTADUAL EDUARDO SAIGH KM 326, SN - EDUARDO SAIGH - 18740000"
117424,JOVEM FELIPE GUI ROCHA,178259,"VIRGILIO BUENO, SN - PARQUE DOS FLAMBOYANS - 14093631"
112846,PROFESSORA NAIR GUILHERMINA PINHEIRO NOGUEIRA ? NAIRZINHA,178260,"ORESTES LOPES DE CAMARGO, 1180 - JARDIM JOQUEI CLUBE - 14078580"
117425,VEREADOR JOSE VELLONI,178261,"JOSE FRANCISCO DA SILVA, SN - JARDIM MONTE CARLO - 14031866"
117428,REAL E BENEMERITA ASSOC PORT DE BENEFICENCIA CL HOSPITALAR,174436,"RUA MAESTRO CARDIM, 769 - BELA VISTA - 01323900"
113088,PROF ADELIA CRISTINA BORGATO GRYSZCZENKO,178262,"AVENIDA JOSE PUCCINELLI, SN - SAO JOSE - 13146000"
117440,RESIDENCIAL BORDON,178263,"DEOLINDO BASSO, SN - RESIDENCIAL BORDON - 13173412"
113604,JARDIM OURO PRETO,178264,"HENRIQUE THONI FILHO, SN - JARDIM OURO PRETO - 13059780"
117471,PAULO ISMAEL DOS SANTOS SOBRINHO,178265,"RUA MARANHAO, 112 - PARATEI - 08900000"
117474,PENITENCIARIA FEMININA DE MOGI GUACU,178266,"ALMINO MONTEIRO ALVARES AFFONSO, SN - MARTINHO PRADO JUNIOR - 13855017"
113882,PROFESSOR NORIVAL VIEIRA DA SILVA,178267,"MARINA SALADINI ALVES, 136 - CONJUNTO HABITACIONAL HELENA BRAZ VENDRAMINI - 19915721"
117482,HOSPITAL ALBERT EINSTEIN CL HOSPITALAR,178268,"LOURENCO DE AZEVEDO, 149 - VILA MORSE - 05624060"
114407,PROFESSORA APARECIDA MATILDE TURIM BALDO,178269,"RUA TREZE DE MAIO, 1281 - COHAB CARMEM RUETTE DE OLIVEIRA 3 - 15828000"
117545,PROFESSOR JOAO TEIXEIRA SAMPAIO,178270,"EUCLYDES BIS, 315 - LOTEAMENTO RESIDENCIAL PEREIRINHA - 16309214"
117547,PROFESSOR MARCOS HOLANDA ALMEIDA,178271,"FRAIBURGO, 80 - JARDIM SAO DOMINGOS - 07142130"
117555,CENTRO DE ATEND SOCIOEDUCATIVO AO ADOLESCENTE DIADEMA,178272,"ANTONIO PIRANGA, 1500 - CENTRO - 09911160"
117566,CENTRO DE ATEND SOCIOEDUCATIVO AO ADOLESCENTE DIADEMA CIP,178272,"ANTONIO PIRANGA, 1500 - CENTRO - 09911160"
114447,PROFESSORA MARIA LUCIA PADOVANI DE OLIVEIRA,178273,"AVENIDA COMENDADOR THOMAZ FORTUNATO, 2550 - CHACARA LETONIA - 13475010"
117590,PROFESSORA LENY APPARECIDA PAGOTTO BOER,178274,"GLORIA, 171 - JARDIM BOER I - 13477722"
117591,PROFESSORA ORNELLA RITA FERRARI SACILOTTO,178275,"GUARUJA, 1609 - PARQUE UNIVERSITARIO - 13467708"
117619,PROFESSOR CARLOS UMBERTO CARRARA,178276,"ANTONIO CHAVARELI, 1.077 - VILA RANCHARIA - 17780000"
117647,ROBERTO ANTONIALLI,178277,"SEBASTIAO SILVANO DE ANDRADE, SN - JARDIM SANTA CRUZ - 13846683"
117648,MARIA TEREZA DE JESUS PAIVA,178278,"ANTONIO DONATI, SN - RESIDENCIAL FLORESTA - 13801707"
117659,PROF DR SEGUNDO CARLOS LOPES,178279,"RUA DOUTOR TEIXEIRA DE BARROS, 1395 - VILA SANTA TEREZINHA - 14815000"
117660,PROFESSOR JOAO BATISTA GASPARIN,178280,"RUA SOLDADO ELISEU DA SILVA, 800 - RESIDENCIAL DEPUTADO JOSE ZAVAGLIA - 13573574"
116011,PREFEITA ELZA ORSINI DE CARVALHO,178281,"GOVERNADOR FRANCO MONTORO, SN - NOSSO TETO - 11900000"
117663,SOCRATES BRASILEIRO SAMPAIO DE SOUZA VIEIRA DE OLIVEIRA,178282,"RUA ANTONIO SIMPLICIO, 170 - PARQUE RAMOS FREITAS - 02353110"
116152,CENTRO DE ATEND SOCIOEDUC AO ADOLESC PRES BERNARDES CI,178283,"RUA JOAO PESENTE, 517 - BAIRRO BELA VISTA - 19300000"
117681,CENTRO DE ATEND SOCIOEDUC AO ADOLESC PRES BERNARDES CIP,178283,"RUA JOAO PESENTE, 517 - BAIRRO BELA VISTA - 19300000"
117696,MARIA HELENA SCANNAVINO,178284,"FLAVIO CLARO DE FARIA, SN - JARDIM RESIDENCIAL ETEMP - 14781245"
117711,PROFESSORA NELLY COLLEONE RAVAGNOLLI,178285,"PROFA OLIVIA CAMPANHA AFFONSO DO AMARAL, 233 - RESIDENCIAL SANTANA - 17240000"
117715,WALDEMAR THOMAZINE,178286,"PROF NEWTON PIMENTA NEVES, 850 - CASTELANI - 13360000"
133592,JARDIM ALINE,178287,"BENEDITA TEODORO DA SILVA, 848 - JARDIM SANTIAGO - 13185848"
117792,CENTRO DE DETENCAO PROVISORIA DE JUNDIAI,178288,"AUGUSTA ZORZI BARADEL, SN - TIJUCO PRETO - 13205710"
117796,JARDIM PAINEIRAS,178289,"JOAO BOSCO FELIX SERAFIM, 170 - JARDIM RESIDENCIAL GRAMINHA III - 13482608"
117842,PENITENCIARIA II DE SAO VICENTE,178290,"RODOVIA PADRE MANOEL DA NOBREGA, SN - PARQUE CONTINENTAL - 11348910"
117982,PROFESSORA VALERIA ELIANE MINGUILI,178291,"RUA PASCOIN TOBIAS, 16 - JAYME BIGELLI - 17280000"
118034,CLASSE HOSPITALAR HOSPITAL UNIVERSITARIO UFSCAR,178292,"LUIZ VAZ DE CAMOES, 111 - VILA CELINA - 13566448"
118064,CLASSE HOSPITALAR FUNDACAO PIO XII HOSPITAL DO CANCER,165100,"ANTENOR DUARTE VILELA, 1331 - DOUTOR PAULO PRATA - 14784400"
118171,CIDADE ARACY IV,178293,"REINALDO PIZANI, 580 - CIDADE ARACY - 13573292"
118192,PENITENCIARIA DE FLORINEA,178294,"RODOVIA SP 333, SN - RURAL - 19870000"
118201,CONJUNTO HOSPITALAR DO MANDAQUI CLASSE HOSPITALAR,173894,"VOLUNTARIOS DA PATRIA, 4301 - SANTANA - 02402600"
118280,PENITENCIARIA MASCULINA DE PIRACICABA,178295,"RODOVIA LAERCIO CORTE SP 147, SN - AREIAO - 13414020"
137438,PERTINHO DA MAMAE UNESPCAMPUS BOTUCATU CCI,178296,"CATUCABA,  - CENTRO - 12140000"
137438,PERTINHO DA MAMAE UNESPCAMPUS BOTUCATU CCI,178297,"RUA CELMANOEL BENTO 41 CENTRO,  - CENTRO - 12140000"
137438,PERTINHO DA MAMAE UNESPCAMPUS BOTUCATU CCI,178298,"BDA BARRA MANSA, SN - CENTRO - 12140000"
137438,PERTINHO DA MAMAE UNESPCAMPUS BOTUCATU CCI,178299,"BDA CACHOEIRA, SN - CENTRO - 12140000"
137438,PERTINHO DA MAMAE UNESPCAMPUS BOTUCATU CCI,178300,"BDA USINA, SN - CENTRO - 12140000"
137438,PERTINHO DA MAMAE UNESPCAMPUS BOTUCATU CCI,178301,"BDE SAO JOSE,  - CENTRO - 12140000"
137438,PERTINHO DA MAMAE UNESPCAMPUS BOTUCATU CCI,178302,"ESTRADA MUNICIPAL VICENTE RODRIGUES SALES, SN - SAO SEBASTIAO - 12140000"
137438,PERTINHO DA MAMAE UNESPCAMPUS BOTUCATU CCI,178303,"BDO BAIRRINHO, SN - CENTRO - 12140000"
137438,PERTINHO DA MAMAE UNESPCAMPUS BOTUCATU CCI,178304,"BAIRRO DO BARREIRO, SN - CENTRO - 12140000"
137438,PERTINHO DA MAMAE UNESPCAMPUS BOTUCATU CCI,178305,"BAIRRO DO BRIET, SN - CENTRO - 12140000"
137438,PERTINHO DA MAMAE UNESPCAMPUS BOTUCATU CCI,178306,"BAIRRO DO CEDRO, SN - CENTRO - 12140000"
137438,PERTINHO DA MAMAE UNESPCAMPUS BOTUCATU CCI,178307,"BDO RIBEIRO CLARO, SN - RIBEIRAO CLARO - 12140000"
137438,PERTINHO DA MAMAE UNESPCAMPUS BOTUCATU CCI,178308,"BDO RIO ABAIXO, SN - CENTRO - 12140000"
137438,PERTINHO DA MAMAE UNESPCAMPUS BOTUCATU CCI,178309,"BDO RIO ACIMA, SN - RIO ACIMA - 12140000"
137438,PERTINHO DA MAMAE UNESPCAMPUS BOTUCATU CCI,175246,"BAIRRO DO TURVO, SN - CENTRO - 12140000"
137438,PERTINHO DA MAMAE UNESPCAMPUS BOTUCATU CCI,178310,"ESTRADA MUNICIPAL DOS ALVARENGAS, SN - BAIRRO DOS ALVARENGAS - 12140000"
137438,PERTINHO DA MAMAE UNESPCAMPUS BOTUCATU CCI,178311,"RODOVIA NELSON FERREIRA PINTO, KM 10 - DOS CAETANOS - 12140000"
137438,PERTINHO DA MAMAE UNESPCAMPUS BOTUCATU CCI,178312,"BDOS MEDEIROS, SN - DOS MEDEIROS - 12140000"
137438,PERTINHO DA MAMAE UNESPCAMPUS BOTUCATU CCI,178313,"FAZSAO JOSE,  - CENTRO - 12140000"
137438,PERTINHO DA MAMAE UNESPCAMPUS BOTUCATU CCI,178314,"FAZTEODORO, SN - CENTRO - 12140000"
137438,PERTINHO DA MAMAE UNESPCAMPUS BOTUCATU CCI,178315,"BAIRRO DA FABRICA, SN - CENTRO - 12140000"
137438,PERTINHO DA MAMAE UNESPCAMPUS BOTUCATU CCI,178316,"BAIRRO DOS PIMENTAS, SN - CENTRO - 12140000"
137438,PERTINHO DA MAMAE UNESPCAMPUS BOTUCATU CCI,178317,"RODOVIA OSWALDO CRUZ, KM 52 - PAMONA - 12140000"
137438,PERTINHO DA MAMAE UNESPCAMPUS BOTUCATU CCI,178318,"RUA CONEGO COSTA BUENO, 3 - CENTRO - 12140000"
137144,JOSE MARIA DE ALMEIDA PRADO COMENDADOR,178319,"RNELSON FERRAZ NAVARRO, 832 - JD NOVA JAU - 17213580"
137145,ALVARO FRAGA MOREIRA,178320,"HUMBERTO FABRIS, SN - JARDIM CAROLINA - 17207640"
123098,DOMINGOS BAUER LEITE POETA,178321,"AVENIDA DA SAUDADE, SN - VILA UBIRAJARA - 11850000"
123099,SIDNEY CONCEICAO MEDEIROS EGYDIO PROF,178322,"LINHA BOM RETIRO, SN - SAO JOAO - 11930000"
123100,AZILIO ANTONIO DO PRADO,178323,"R AZILIO ANTONIO DO PRADO, 990 - VILA MARIA - 15300000"
137146,EUNICE MARQUES MOURA BASTOS PROFA,178324,"NARCEJA, 100 - VILA NOVA CURUCA - 08032340"
123101,IRENE DIAS RIBEIRO PROFESSORA,178325,"RUA DOUTOR ANTONIO SYLVIO CUNHA BUENO, 205 - GERALDO CORREIA DE CARVALHO - 14061380"
123102,GINO BELLODI,178326,"AV RIBEIRAO PRETO, 350 - VILA COHAB - 14840000"
123103,ADALBERTO PEREIRA DA FONSECA PROF DR,178327,"VIA EXPRESSA CENTRAL KM11, SN - AGUA FUNDA - 04319000"
123104,LEILA SABINO PROFESSORA,178328,"SILVILINO MANTOVANINI, 300 - JARDIM RIVIERA - 04925040"
137147,IZABEL FERREIRA DOS SANTOS PROFESSORA DONA BELINHA,178329,"CIRIACO, 27 - JARDIM VILA GALVAO - 07054011"
123105,RINALDO POLI PREFEITO,178330,"AVENIDA MARTINS JUNIOR, 2884 - JARDIM BELA VISTA - 07141000"
123106,ORLANDO MINELLA,178331,"CANDELARIA, 376 - JARDIM JACY - 07262110"
123107,MARIA LEDA FERNANDES BRIGO PROFESSORA,178332,"RUA WAMBES, 112 - JARDIM OTTAWA - 07230270"
123108,MARIA APARECIDA RODRIGUES PROFESSORA,178333,"BERILO, 72 - CIDADE PARQUE BRASILIA - 07243100"
123109,ALAYDE MARIA VICENTE PROFESSORA,178334,"RUA IDA RICHI, 134 - JARDIM MARIA ALICE - 07263410"
137148,BENERALDO DE TOLEDO PIZA PROFESSOR,178335,"MARTINICA, 200 - PARQUE CAPUAVA - 09271110"
123110,MATHILDE TEIXEIRA DE MORAES PROFESSORA,178336,"RUA OSWALDO RUSSOMANO, SN - PARQUE DOS ESTADOS - 12922150"
123111,MARIO CHORILLI PROF,178337,"RUA ANTONIO FERRAZ ARRUDA, SN - PQ 1 DE MAIO - 13425160"
123112,MARIA APARECIDA PEDRINHO FURLAN,178338,"RUA SAO PAULO, 154 - CENTRO - 14720000"
123113,WALTER BARRETTO MELCHERT PROF,178339,"JOSE FAZZIO, 1-50 - CONJUNTO HABITACIONAL ENGENHEIRO OTAVIO RASI - 17039110"
137149,DURVAL GUEDES DE AZEVEDO PROF,178340,"RUA MARCEL PINTO DE OLIVEIRA, 467 - JARDIM FERRAZ - 17056044"
123114,NOEMIA KUESTER PISANI GERULIS PROFESSORA,178341,"RUA DOUTOR FERNANDO COSTA, N 55 - SALTELMO - 17280000"
123115,BAIRRO DO BORA,178342,"BAIRRO DO BORA, SN - BAIRRO DO BORA - 16360000"
123116,HONORINA DE ALBUQUERQUE PROFA,178343,"RUA DA FONTE, 105 - ALTO DA TENDA - 18320000"
123117,SOPHIA GABRIEL DE OLIVEIRA PROFA,174196,"ARCHIMEDES GURGEL, SN - CONJUNTO HABITACIONAL HUMBERTO POPOLO - 18605131"
123118,BENEDITO ANTONIO LEITE,178344,"ESTRADA VICINAL, 20 - FEITAL - 18150000"
137150,JAIR BARTH PROF,178345,"JOSE SIDNEY DA CUNHA DOUTOR, SN - JARDIM BELA VISTA - 18207720"
123119,SYLVIA DE PAULA LEITE BAUER,178346,"LAURO ROGERIO DE ARAUJO CORONEL, SN - JARDIM AEROPORTO I - 13304570"
123120,FAZENDA SERRA VELHA,178347,"ROD RAPOSO TAVARES, KM262 - F SERRA VELHA - 18725000"
123121,HILDA HOLTZ DE CARVALHO PROFA,178348,"AV ANTONIO LACERDA, 1697 - SANTA CECILIA - 18190000"
123122,JOSE BENEDITO GONCALVES PROF,178349,"BULGARIA, 601 - JARDIM DAS NACOES - 13322181"
137151,JOSEFA RODRIGUES FERNANDES PROFA,178350,"FRANCISCA RODRIGUES MALDONADO, 130 - JARDIM PARADA DO ALTO - 18025801"
123123,ROQUE CONCEICAO MARTINS PROFESSOR,178351,"MALAKY MURAD, 26 - JARDIM GUADALUPE - 18076370"
123124,MARIO GUILHERME NOTARI,178352,"RUA IDA CALDINI, 286 - JARDIM LUCIANA MARIA - 18071370"
123125,GUIOMAR CAMOLESI SOUZA PROFESSORA,178353,"ITALIA BIGLIA MASSARI, 40 - JARDIM MARIA EUGENIA - 18074460"
137152,JULIA RIOS ATHAYDE PROFESSORA,178354,"JOAO PINTO, 180 - JARDIM SAO PAULO - 18051600"
123126,GUALBERTO MOREIRA DOUTOR,178355,"BONIFACIO DE OLIVEIRA CASSU, 750 - EDEN - 18103100"
123127,DORIVAL DIAS DE CARVALHO PROFESSOR,178356,"RUA GUSTAVO ANGELO ALVARENGA, 634 - VILA FRANCISCA - 18065285"
123128,ANTONIA LUCCHESI PROFESSORA,178357,"AVARE, 305 - JARDIM LEOCADIA - 18085345"
137153,JOSE OSORIO DE CAMPOS MAIA E ALMEIDA PROFESSOR,178358,"TERENCIO COSTA DIAS, 561 - JARDIM BERTANHA - 18052200"
123129,DIMAS MOZART E SILVA PROFESSOR,178359,"RUA MANOEL JOAQUIM MENDES, 661 - VILA SAO VICENTE - 18740000"
123130,PEDRO AUGUSTO RANGEL FILHO PROFESSOR,178360,"PEDRO AUGUSTO RANGEL, 1641 - JARDIM PAULISTA - 18113140"
123131,SYLVIO DE ARAUJO PROF,178361,"R 9 A, 2486 - VL S MIGUEL - 13506495"
123132,GEMMA VASCONCELOS CAMARGO CAPELLO PROFA,178362,"OURO PRETO, 234 - PARQUE OLARIA - 13458033"
137154,ISAURA TEIXEIRA VASCONCELLOS PROFESSORA,178363,"ANTONIO MILAN SOBRINHO, 1461 - JARDIM LUCAS TEIXEIRA - 13876860"
123133,LAUDELINA DE OLIVEIRA POURRAT PROFESSORA,178364,"RUA JOSE CALSONI, 50 - VALE DO REDENTOR II - 13720000"
123134,RUBENS OSCAR GUELLI PROFESSOR,178365,"RUA MARCELO CAVALCANTE DE MENEZES, 415 - JARDIM SANTIAGO - 13181503"
123135,WANDA FELIX DE ANDRADE PROFESSORA,178366,"RUA NELSON SETTI, 70 - PARQUE  BANDEIRANTES - 13181730"
123136,BAIRRO TAQUARA BRANCA,178367,"RUA MOACIR DE SOUZA CAMPOS, SN - JARDIM NOVO HORIZONTE - 13188271"
123137,ONDINA PINTO GONZALEZ PROFESSORA,178368,"RUA MARIO BOSCO, 91 - JARDIM  MORUMBI - 13180007"
123138,PAULINA ROSA PROFESSORA,178369,"RUA RENE DESCARTES, 75 - JARDIM SANTA RITA DE CASSIA - 13186290"
123139,LEOPOLDO PETRUS VAN LIEMPT PADRE,178370,"RUA ITALIA, 139 - CENTRO - 13270000"
137155,CAROLINA DE OLIVEIRA SIGRIST DONA,178371,"ESTRMUNICIPAL, SN - CAPIVARI - 13270000"
123140,FAZENDA JOAPIRANGA,178372,"ALAMEDA ITAIPU, SN - JOAPIRANGA II - 13270000"
123141,CARLOS DE CARVALHO VIEIRA BRAGA,178373,"RUA DMARIA FCA CARVALHO, 75 - JD PINHEIROS - 13270000"
123142,ACHILES RODRIGUES PROFESSOR,178374,"RUA ANTONIO CORTEZ, 18 - HOMERO CORREA LEITE - 13880000"
137156,HAMILTON JOSE BIANCHI MONSENHOR,178375,"JOSE RABELLO PORTELLA, 3365 - VILA POPULAR - 13225100"
123143,MAGDALENA LEBEIS PROFA,178376,"RUA ESMERALDA, 30 - BELA VISTA - 13280000"
123144,RAFAEL DE MEDINA,178377,"R ADALGISA DELBON MICHETI, 1240 - JD ELIANA - 14807262"
123145,CAETANO ZANIN,178378,"FAZSJOAQUIM USINA ZANIN, SN -  - 14801970"
123146,LUIZ CASTANHO FILHO PROF,178379,"RUA L/6, SN - LOS ANGELES - 14780085"
123147,FERNANDO CAMPOS ROSAS PROFESSOR,178380,"RUA ANGELO DAMIAO, 176 - JARDIM ITAPUA - 14140000"
123148,VERGILIO DA SILVA CAMARGO,178381,"RUA CORONEL CAMISAO, 514 - CENTRO - 15945000"
137157,JOSE PINHEIRO DE LACERDA CAPITAO,178382,"LAERTE BARBOSA CINTRA PROFESSOR, 929 - RESIDENCIAL BALDASSARI - 14401269"
123149,SUDARIO FERREIRA,178383,"RUA CLOVIS VIEIRA DE ANDRADE, 915 - PARQUE VICENTE LEPORACE II - 14407080"
123150,FAZENDA POUSO ALEGRE,178384,"FAZENDA POUSO ALEGRE, SN - F POUSO ALEGRE - 17290000"
123151,SUELY MACHADO DA SILVA PROFA,178385,"PORTO VELHO, 1851 - JARDIM BRASILANDIA - 14402306"
123152,ANTONIO ALBERTO DE SOUZA,178386,"RUA 9 DE JULHO, 180 - C DA MATA - 14508000"
123153,ALZIRA DE FREITAS CASSEB PROFA,178387,"RUA JOAO BOLZAN, 355 - JS FRANCISCO - 14730000"
137158,NEUSA OKANO MIZUNO PROFESSORA,178388,"RUA RIO DE JANEIRO, 838 - HUMBERTO TEODORO DE CASTRO - 14640000"
137159,CLOVIS GUIMARAES SPINOLA DR,178389,"RUA ARTHUR MESQUITA, 130 - JD STA VITORIA - 14750000"
123154,ESMERIA SILVA ANDRUCIOLI PROFA,178390,"RUA AUGUSTA CASSAROLI BONARDI, 310 - SAO FRANCISCO - 14180000"
123155,BENEDITO MACIEL ARANTES PROFESSOR,178391,"RUA ANTONIO PACCAGNELLA, 205 - ADELINO SIMIONI - 14071590"
137160,ORLANDO JURCA DEPUTADO,178392,"RUA LUIZ CARVALHO PEREIRA, 350 - ADELINO SIMIONI - 14071310"
123156,JOAO PALMA GUIAO DOUTOR,178393,"ATTILIO PEDRO CHERUBIM, 275 - DOM BERNARDO JOSE MIELLE - 14057310"
123157,HELIO LOURENCO DE OLIVEIRA PROFESSOR,178394,"GONCALVES DE MAGALHAES, 1500 - JARDIM PIRATININGA - 14030570"
123158,MIGUEL JORGE,178395,"RUA DOMINGOS PADOVAN, 790 - JARDIM NOVO MUNDO - 14092040"
123159,MAURILIO DE OLIVEIRA PROF,178396,"RUA EFREN TESTA, 39 - DELDUQUE RIBEIRO GARCIA - 14270000"
123160,JOAO JORGE MARMORATO PROFESSOR,178397,"VICENTE PELICANO, 360 - JARDIM DONA FRANCISCA - 13571000"
137161,CRESO ANTONIO FILETTI PROFESSOR,178398,"RUA AZIZI SALOMAO, 669 - NOSSO TETO - 14600000"
123161,WALDOMIRO GOMES,178399,"RUA ALBERTO BENVEGNU, 50 - COHAB IV - 14160000"
123162,MINEO ROSSI PROF,178400,"RUA GABRIEL T DE PAULA, SN - V S SEBASTIAO - 15900000"
123163,PEDRO MALAVAZZI,178401,"RUA REINALDO BERTOLINI, 300 - JDVERANTONIO BRANDINI - 15600000"
123164,FLORINDA DA SILVA NETA ASPRINO PROFA,178402,"AV ALTINO ARANTES, 415 - CENTRO - 14990000"
123165,BAIRRO CACHOEIRA,178403,"BAIRRO CACHOEIRA, SN - B CACHOEIRA - 14990000"
137162,DAVID JOSE LUZ PROF,178404,"AVENIDA PARANA, 532 - VILA DOURADOS - 19820000"
123166,NOEMIA GARCIA CICILIATO PROFA,178405,"RUA LIVINO CARDOSO OLIVEIRA, 627 - CENTRO - 19870000"
123167,MANOEL JOAQUIM FERNANDES,178406,"RUA MERY BLUMER, 200 - VJOSE RIBEIRO - 17400000"
123168,AUGUSTA NOVAES CORONADO PROFA,178407,"RUA SIQUEIRA REZENDE, 190 - CENTRO - 19940000"
123169,FAZENDA SAO JOAO DA BOA VISTA,178408,"FAZ S JOAO DA BOA VISTA, SN - SAO JOAO - 17500000"
123170,ARY CORREA DOUTOR,178409,"RUA ANTONIO HENRIQUE ROLLI, 245 - JARDIM EUROPA - 19914400"
137163,BAIRRO CORREGO RICO,178410,"BAIRRO CORREGO RICO, SN - CORREGO RICO - 17730000"
123171,JULIA FERNANDES FRANZINI DONA,178411,"RUA OLIMPIO LIMA, 131 - VILA NOVA - 19300000"
123172,MERCIA MARIA PRETTI SOARES PROFESSORA,178412,"RUA JOAO PESSOA, 24 - JARDIM REAL - 19470000"
123173,MARIA DO SOCORRO BRITO DE ALMEIDA PROFA,178413,"AV DAS FLORES, 166 - CECAP - 19065510"
123174,FATIMA APARECIDA COSTA FALCON PROFESSORA,178414,"ALTAIR DE SENNA, 800 - PARQUE CEDRAL - 19067350"
137164,ARY FONSECA,178415,"RUA SANTO ANTONIO, 225 - JARDIM SAO MATHEUS - 17740000"
123175,VALENTIM LORENZETTI,178416,"BAIRRO DE CAMPOS SALES, SN - CAMPOS SALES - 17340000"
123176,ANTONIO GUEDES DE AZEVEDO PROF,178417,"FLAVIO DE TOLEDO CAMPOS, 1-51 - NOVO JARDIM PAGANI - 17024440"
123177,ANTONIO FERREIRA DE MENEZES VEREADOR,178418,"MARIO ROSSI QUADRA CAPITAO, 9-37 - JARDIM PETROPOLIS - 17064115"
137165,EDISON BASTOS GASPARINI PREF,178419,"FERROVIARIOS, 650 - NUCLEO RESIDENCIAL EDISON BASTOS GASPARINI - 17022240"
123178,BENEDITO DOS SANTOS GUERREIRO,178420,"RUA SAO CARLOS, 105 - JARDIM PAULISTA - 17300000"
123179,DALTYRA DE TOLEDO CASTRO PROFA,178421,"RUA SEBASTIAO R DE BARROS, 131 - VL RIBEIRO - 17213841"
123180,VICENTE CASALE PADOVANI PROFESSOR,178422,"LUIZ STEFANI, 150 - VILA DONA ROSA ZURITA - 13601351"
123181,JUDITH FERRAO LEGASPE PROFESSORA,178423,"NACERE COSME, SN - JARDIM JOSE OMETTO II - 13606410"
137166,CARLOTA FERNANDES DE SOUZA RODINI,178424,"LORETO, 1299 - JARDIM CAMPESTRE - 13607179"
123182,ALBERTO MEDALJON PROFESSOR,178425,"RUA CONSELHEIRO LEONCIO DE CARVALHO, SN - VILA BRANDINA - 13092529"
123183,MARIA JULIETA DE GODOI CARTEZANI PROFESSORA,178426,"RUA CAMPO GRANDE, 34 - VILA MARIA EUGENIA - 13050150"
137167,JOAQUIM PEDROSO SARGENTO,178427,"RUA CARLOS RENATO FREDERICO, 265 - DIC I CONJUNTO HABITACIONAL MONSENHOR LUIZ FERNANDO ABREU - 13056350"
123184,ELISEU NARCISO REVERENDO,178428,"RUA SEBASTIAO DE CAMPOS, 16 - DIC III CONJUNTO HABITACIONAL RUY NOVAES - 13054233"
123185,CELESTE PALANDI DE MELLO PROFESSORA,178429,"RUA DOUTOR ADEMIR CUBERO RUANO, 460 - JARDIM CAMPO BELO - 13053124"
123186,NEWTON OPPERMANN DOUTOR,178430,"RUA HELOISA PRATO GALBIATTI, 500 - JARDIM FLORENCE - 13059032"
123187,LIVIO THOMAZ PEREIRA PROF,178431,"R RUY PUPO CAMPOS FERREIRA, 290 - JD CPOS ELISEOS - 13060243"
137168,DAGOBERTO ROMAG FREI,178432,"JOSE VALTER PACHECO, 56 - CONJUNTO HABITACIONAL SAO JOSE - 13232263"
123188,JOSE BONIFACIO CARRETTA PADRE,178433,"RUA JOAO PESSOA, 177 - ENGENHO VELHO - 13360000"
123189,ACACIO DOS SANTOS PELEGRINI PROFESSOR,178434,"AVENIDA DA SAUDADE, 187 - NAZARETH - 13700000"
123190,MARIA CECILIA IFANGER PROFA,178435,"R PERDIZ, 320 - JARDIM DOM BOSCO - 13333260"
123191,OSCARLINA DE ARAUJO OLIVEIRA PROFESSORA,178436,"GUIDO GABOARDI, 60 - JARDIM MEXICO - 13253462"
123192,VERA LUCIA CARRIDE DE PALMA PROFA,178437,"RODOVIA ROMILDO PRADO, SN - TAPERA GRANDE - 13250000"
137169,JACOB VICTOR LEVIS,178438,"RUA INDAIA, 50 - GUACURI - 13295000"
123193,ZULMIRO ALVES DE SIQUEIRA,178439,"ESTRADA MUNICIPAL PEDRO FERRARA, 141 - CAMPO DOS ALEIXOS - 13240000"
123194,JOSE LEME DO PRADO FILHO PROF,178440,"RUA JOSE DE SOUZA MARQUES, 30 - JD ESPLANADA - 13202110"
123195,ARLINDO FAVARO PROFESSOR,178441,"JOSE LOPES SILVA, 1100 - JARDIM EROISI - 13610530"
123196,LUIGINO BURIGOTTO,178442,"RUA AMBROSINO HENRIQUE, 75 - VILA LABAKI - 13486449"
123197,PAULO CHAVES PROFESSOR,178443,"BASILIO DE SOUZA, 333 - JARDIM CAIEIRA - 13483215"
137170,ODILON LEITE FERRAZ,178444,"IRMA FEDELINA, 162 - SANTO ANTONIO - 13290000"
123198,PEDRO YOSHICHIKA IRIE,178445,"RUA APARECIDO RIBEIRO DAMASCENO, 255 - LEITAO - 13290000"
123199,ZENAIDE PERETO RIBEIRO ROCHA PROFESSORA,178446,"MARCOS FOGARIN, 332 - CONJUNTO HABITACIONAL GILBERTO ROSSETTI - 13737645"
123200,HELENA DOS SANTOS ALVES PROFA,178447,"R JUVENAL TOLEDO, 120 - JD M BEATRIZ - 13803030"
123201,ANTONIO JOSE PERES MARQUES PROF,178448,"PERU, 600 - VILA UNIVERSITARIA - 13802067"
137171,PAULO LUIZ VALERIO,178449,"ESTRADA PIRACICABA ANHUMAS  SERROTE, 400 - ANHUMAS - 13404752"
123202,FELIPE CARDOSO,178450,"ESTRADA DOUTOR PLINIO ALVES DE MORAES, 20 - ANHUMAS - 13404755"
123203,KOK DR,178451,"ESTRADAS DO MEIO, SN - GODINHOS - 13400000"
123204,VILA NATAL,178452,"RUA D, SN - VILA NATAL - 11500000"
123205,CORALINA RIBEIRO DOS SANTOS CALDEIRA DONA,178453,"AVENIDA TANCREDO NEVES, 2300 - VILA EDNA - 11435000"
123206,LUIZ BENEDITINO FERREIRA,178454,"SANTO AMARO, 134 - VICENTE DE CARVALHO - 11472140"
137172,ANTONIO NUNES LOPES DA SILVA PROFESSOR,178455,"AVENIDA DANTE BELLOMARIA, 171 - TREVO   JARDIM SAMAMBAIA - 11712670"
123207,ARCHIMEDES BAVA PROFESSOR,178456,"RUA WASHINGTON CURVELO DE AGUIAR, S/N - INDAIA - 11260357"
123208,ALBINO LUIZ CALDAS PROFESSOR,178457,"RUA IRMA MARIA RITA DE SOUZA BRITO LOPES  IRMA DULCE, SN - HUMAITA - 11349330"
122521,ANTONIO PACIFICO,178458,"RANADIR DIAS DE CARVALHO, 438 - VJOQUEI CLUBE - 11360400"
122662,ERCILIA NOGUEIRA COBRA,178459,"RUA VALE DO PO, 400 - VL MARGARIDA - 11330670"
137173,MARIA DAS DORES SANTOS CARPINETTI PROFA,178460,"RUA PRINCIPAL, SN - RIO ESCURO - 11680000"
123209,ERNESMAR DE OLIVEIRA PROF,178461,"ESTRADA YOSHIRO TOZAKI, SN - PRAIA DURA - 11680000"
137174,OCTAVIO DA MATTA,178462,"RUA DO PINHO, 45 - VSTO ANTONIO - 12460000"
123210,ANTONIO MARTINS DA SILVA PROF,178463,"RUA SANTO IVO, 368 - CIDADE SALVADOR - 12312190"
123211,TITO MAXIMO PROF,178464,"PC LUIZ SIPULIO FILHO, 81 - PRQ S ANTONIO - 12309380"
123212,JULIO FORTES,178465,"AVENIDA NILO RODRIGUES LOZANO, 775 - JARDIM MAVISOU - 12760000"
137175,JOSINO EUSEBIO CORREIA DO PRADO,178466,"RGERALDO NOGUEIRA DE SA, SN - CAPELA DO JACU - 12760000"
123213,AROLDO AZEVEDO PROF,178467,"FREDERICA SACILOTTI, 53 - VILA NUNES - 12603220"
123214,DIRCE APARECIDA PEREIRA MARCONDES,178468,"RUA ENGENHEIRO ORLANDO DRUMOND MURGEL, 285 - PARQUE SAO DOMINGOS - 12410310"
123215,RUBENS ZAMITH PROFESSOR,178469,"LIRIOS, 319 - RESIDENCIAL VALE DAS ACACIAS - 12440440"
137176,DINORA PEREIRA RAMOS BRITO PROFESSORA,178470,"JOAO RODOLFO CASTELLI, 157 - PUTIM - 12228000"
123216,OCTAVIA RAYMUNDO DA SILVA PROFA,178471,"TRAVCLAUDINO PRISCO, 210 - VL CRISTINA - 12210460"
123217,NELSON FERREIRA DA SILVA PROFESSOR,178472,"WLADIMIR HERZOG, 400 - BOSQUE DOS EUCALIPTOS - 12233610"
123218,JULIA BERNARDES RODRIGUES PROFESSORA,178473,"CRISTOVAO SAO, 843 - JARDIM SAO JUDAS TADEU - 12228260"
123219,UBIRAJARA BERNA DE CHIARA UBIRAJARA BRASIL,178474,"FLOR DE LIS, 113 - JARDIM DAS FLORES - 12247650"
137177,GERALDINA COELHO MONTEIRO PROFESSORA,178475,"MARIA HELENA MOREIRA DE QUEIROZ PROFESSORA, 186 - JARDIM NOVA MICHIGAN - 12225440"
123220,JOSE LUIZ PEREIRA RIBEIRO CONEGO,178476,"AV CESAR COSTA, 1200 - VL APARECIDA - 12052000"
123221,GENTIL DE CAMARGO PROFESSOR,178477,"ESTRADA MUNICIPAL PROFESSOR DOUTOR JOSE LUIZ CEMBRANELLI, SN - PARQUE TRES MARIAS - 12081010"
123222,ERNANI GIANNICO PROF,178478,"AV MARGINAL, 1000 - PRQ TAUBATEGUACU - 12071110"
123223,ALVARO MARCONDES DE MATTOS PREF,178479,"RUA PASQUA S PASTORELLI, 30 - INDEPENDENCIA - 12030570"
123224,BAIRRO ITAPITANGUI,178480,"RUA PROJETADA, SN - ITAPITANGUI - 11990000"
123225,BAIRRO QUADRO VERGUEIRO,178481,"BAIRRO QUADRO VERGUEIRO, SN - BQVERGUEIRO - 11960000"
137178,MASSAKO OSAWA HIRABAYASHI PROFESSORA,178482,"RUA JOAO AUGUSTO ABY AZAR, 90 - JARDIM CAICARA - 11900000"
123226,IRENE MACHADO DE LIMA DONA,178483,"ESTRADA DO CAPINZAL KM 195, SN - CAPINZAL - 11900000"
123227,RAUL ANTONIO FRAGOSO PROFESSOR,178484,"CHARLES SILVER, 51 - JARDIM SAO RICARDO - 05143210"
123228,EDUARDO GOMES BRIGADEIRO COHAB,178485,"JOAO AMADO COUTINHO, 1010 - CONJUNTO RESIDENCIAL ELISIO TEIXEIRA LEITE - 02815000"
123229,SOUZA LIMA MAESTRO,178486,"RUA ANTONIO SIMPLICIO, 170 - JD TREMEMBE - 02354290"
123230,MIGUEL SANSIGOLO PROF,178487,"FRANCISCO DA ROCHA, 157 - JARDIM IVA - 03921130"
137179,CAMILO MARIA CAVALHEIRO DOM,178488,"GARUVA, 55 - JARDIM SANTA MARIA - 03576160"
123231,JOSE BUSTAMANTE DEPUTADO,178489,"ANTONIO DE CAMARGO ORTIZ, 2 - PARQUE SANTA AMELIA - 08122270"
123232,LUIZ CINTRA DO PRADO PROFESSOR,178490,"RUA ARTUR FERREIRA DE ABREU, 321 - JARDIM GUARAU - 05547150"
123233,AMADOR E CATHARINA SAPORITO AUGUSTO,178491,"AMARO OLIVEIRA LIMA, 251 - PARQUE ESMERALDA - 05784010"
123234,JOSE PORPHYRIO DA PAZ,178492,"JOSE ALVES DA SILVA, 870 - PARQUE NOVO SANTO AMARO - 05874000"
137180,JOSE HERMENEGILDO LEONI PROFESSOR,178493,"DOMENICO DE PALMA, 451 - CUPECE - 04652234"
123235,JOSE CAVALCANTI SILVA DESEMBARGADOR,178494,"GEORGE BERNANOS, 71 - JARDIM SAO JORGE - 04432110"
137181,ITURBIDES BOLIVAR DE ALMEIDA SERRA PROF,178495,"PINEDO, 777 - SOCORRO - 04764001"
137182,HERMINIO SACCHETTA,178496,"PAULO GUILGUER REIMBERG, 9865 - PARQUE MARIA FERNANDES - 04858570"
123236,DR MARIO TOLEDO DE MORAES,178497,"ERMENIO DE OLIVEIRA PENTEADO, 1 - LARANJEIRAS - 07744420"
123237,JARDIM SILVIA,178498,"RUA DEZENOVE, 267 - JD SILVIA - 07790000"
123238,JOSE MARUN ATALLA,178499,"ALBERTO SIGUEUKI HAMAOKA, 72 - PARQUE CONTINENTAL I - 07077175"
123239,ANTONIO PRATICI PREFEITO,178500,"RUA CARLOS DRUMOND ANDRADE, 372 - RESIDENCIAL PARQUE CUMBICA - 07174015"
123240,JOSE BENEDITO FERREIRA PROFESSOR,178501,"RUA KAZUKO FUJI SHIMIZU, SN - JARDIM FORTALEZA - 07154620"
137183,CARLOS RICHARD STRAUTMANN PASTOR,178502,"AV DR ARMANDO COLANGELO, 1133 - PARQUE RODRIGO BARRETO - 07417325"
123241,JOSE DE ALMEIDA MACHADO,178503,"R PREF ARTHUR JOSE COSTA, 733 - V GUMERCINDO - 07500000"
123242,MARIA DAS GRACAS SALES DE OLIVEIRA PROFA,178504,"RUA PREFEITO JOSE BASILIO ALVARENGA, 848 - JARDIM MONTE SERRAT - 07500000"
123243,LEDA FERNANDES LOPES PROFESSORA,178505,"VITORIO FAVALLI, 160 - VILA MARIA DE MAGGI - 08680120"
123244,JANDYRA COUTINHO PROFESSORA,178506,"RUA AUGUSTO SOUZA DE AQUINO, 5 - JARDIM GARDENIA AZUL - 08696410"
123245,ABILIO SECUNDINO LEITE,178507,"R VEREADOR DO, 99 - B TANQUINHO - 08532200"
137184,ELISEU JORGE PROFESSOR,178508,"MARIA DO ROSARIO, 199 - JARDIM IVONETE - 08553120"
123246,MARCELO TADEU DE OLIVEIRA CASTRO CAMPOS MARQUES PROFESSOR,178509,"JURUAIA, 40 - PARQUE DIRCE - 08595250"
123247,ALCEU MAGALHAES COUTINHO PROF,178510,"AVGONCALVES DIAS, 350 - PQRESMARENGO - 08594270"
123248,ILSON GOMES PROFESSOR,178511,"ISOLINA BONISE, 111 - CONJUNTO RESIDENCIAL ALVARO BOVOLENTA - 08738080"
123249,ROBERTO FRADE MONTE PROFESSOR,178512,"PRACA FRANCISCO VICENTE,  00065 - VILA NOGUEIRA - 09960450"
137185,REINALDO JOSE SANTANA INSPETOR PIRO,178513,"AV ANTONIO SYLVIO CUNHA BUENO, 1184 - JD INAMAR - 09970160"
123250,GREGORIO BEZERRA DEPUTADO,178514,"AVENIDA AFRANIO PEIXOTO, 281 - ELDORADO - 09971360"
123251,JOSE MAURO DE VASCONCELOS,178515,"TANQUE, 640 - CONCEICAO - 09990150"
123252,ANTONIO LAPATE NETTO PROFESSOR,178516,"RUA DA LIBERDADE, 835 - VILA MAGINI - 09390195"
