104130,BAIRRO TAQUARIQUARTA,171481,"TAQUARI, SN -  - 16200000"
104131,FAZENDA AGUA BRANCA,171482,"AGUA BRANCA, SN -  - 16200000"
104133,BAIRRO CASA DE TABOAS,171483,"CASA DE TABOAS, SN -  - 16200000"
133344,BAIRRO CASA DE TABOAS,171483,"CASA DE TABOAS, SN -  - 16200000"
104134,BAIRRO DO VEADO,171484,"BAIRRO DO VEADO, SN -  - 16200000"
104135,BAIRRO CORREGO FUNDO,171485,"BAIRRO CORREGO FUNDO, SN -  - 16200000"
104136,BAIRRO CORREGO FUNDO,171486,"CORREGO FUNDO, SN -  - 16200000"
74856,CORREGO DA AGUA BRANCA,171487,"CORREGO AGUA BRANCA, SN -  - 16200000"
104138,FAZENDA TRES MARIAS,171488,"FAZENDA TRES MARIAS, SN -  - 16200000"
104140,BAIRRO PAU LAVRADO,171489,"BAIRRO PAU LAVRADO, SN -  - 16200000"
104141,COLONIA CINCO,171490,"COLONIA CINCO, SN -  - 16200000"
74916,BAIRRO TAQUARIPRIMEIRA,171480,"BAIRRO TAQUARI, SN -  - 16200000"
104142,FAZENDA SANTO ANTONIO,171491,"FAZENDA SANTO ANTONIO, SN -  - 16200000"
104143,BAIRRO PAU LAVRADO,171492,"PAU LAVRADO, SN -  - 16200000"
104144,FAZENDA SANTA HELENA,171493,"FAZENDA SANTA HELENA, SN -  - 16200000"
104145,BAIRRO BAGUACUSEGUNDA,171494,"BAGUACU, SN -  - 16200000"
104146,FAZENDA BELA VISTA,171476,"FAZENDA BELA VISTA, SN -  - 16200000"
104147,SITIO MARTELLI,171495,"MARTELLI, SN -  - 16200000"
75239,BAIRRO DUAS BARRAS,171496,"BAIRRO DUAS BARRAS, SN -  - 16200000"
104148,FAZENDA BENES,171497,"FAZENDA BENES, SN -  - 16200000"
104149,FAZENDA BERTAGLIA,171498,"FAZENDA BERTAGLIA, SN -  - 16200000"
104150,BAIRRO DO MOINHO 14,171499,"MOINHO, SN -  - 16200000"
104151,FAZENDA TRES MARIAS,171488,"FAZENDA TRES MARIAS, SN -  - 16200000"
104152,FAZENDA MATO GROSSO,171500,"FAZENDA MATO GROSSO, SN - CENTRO - 15280000"
75329,FAZENDA FERRAZ,171501,"FAZENDA FERRAZ, SN - CENTRO - 15290000"
104153,FAZENDA LAGEADO,171502,"FAZENDA LAGEADO, SN - CENTRO - 15290000"
104154,FAZENDA MACUCO,171503,"FAZENDA MACUCO, SN - CENTRO - 15290000"
104155,BAIRRO CORREGO RICO,171504,"BAIRRO CORREGO RICO, SN - CENTRO - 16210000"
104156,FAZENDA PALMEIRA,171505,"FAZENDA PALMEIRA, SN - CENTRO - 15290000"
133345,FAZENDA LAGOA VERMELHA,171506,"FAZENDA LAGOA VERMELHA, SN - CENTRO - 15290000"
104157,SITIO CONSTANTINO,171507,"SITIO CONSTANTINO, SN - CENTRO - 15290000"
104159,FAZENDA TEIXERINHA,171508,"FAZENDA TEIXEIRINHA, SN - CENTRO - 15290000"
104160,FAZENDA PALMEIRINHA,171509,"FAZENDA PALMEIRINHA, SN - CENTRO - 15290000"
104161,FAZENDA TRES MARIAS,171488,"FAZENDA TRES MARIAS, SN -  - 16200000"
104163,BAIRRO CAXIMBA,171510,"BAIRRO CAXIMBA, SN - CENTRO - 16260000"
104164,BAIRRO CORREGO SECOSEGUNDA,171511,"BAIRRO CORREGO SECO, SN - CENTRO - 16260000"
104165,BAIRRO CAXIMBAPRIMEIRA,171510,"BAIRRO CAXIMBA, SN - CENTRO - 16260000"
104167,BAIRRO NOVA PROMISSAO,171512,"BAIRRO NOVA PROMISSAO, SN - CENTRO - 16260000"
133347,BAIRRO CORREGO DO CAMPO,171513,"BAIRRO CORREGO DO CAMPO, SN - CENTRO - 16260000"
104168,FAZENDA PARAISO,171514,"FAZENDA PARAISO, SN - CENTRO - 16260000"
104169,FAZENDA ALTO ALEGRE,171515,"FAZENDA ALTO ALEGRE, SN - CENTRO - 16260000"
104170,BAIRRO DO CORREGO DO CAMPO,171513,"BAIRRO CORREGO DO CAMPO, SN - CENTRO - 16260000"
133348,BAIRRO FLUENTE,171516,"BAIRRO FLUENTE, SN - CENTRO - 16260000"
104171,BAIRRO CORREGO SECO,171511,"BAIRRO CORREGO SECO, SN - CENTRO - 16260000"
104172,BAIRRO DO PERIQUITO,171517,"BAIRRO PERIQUITO, SN - CENTRO - 16220000"
133349,BAIRRO DA AGUA BOA,171518,"AGUA BOA, SN - CENTRO - 16220000"
104174,FAZENDA SANTA LUZIA,171519,"VACARI, SN - CENTRO - 16220000"
104175,BAIRRO DO PERIQUITO,171520,"BAIRRO DO PIRIQUITO, SN - CENTRO - 16220000"
104176,BAIRRO DAS TRES NACOES,171521,"TRES NACOES, SN - CENTRO - 16220000"
133350,BAIRRO DO PROGRESSO,171522,"PROGRESSO, SN - CENTRO - 16220000"
104177,FAZENDA SANTO ANASTACIO,171523,"SANTO ANASTACIO, SN - CENTRO - 16220000"
104178,FAZENDA SANTA MARIA,171524,"FAZ STA MARIA, SN - CENTRO - 16210000"
104179,ESTACAO NAPOLEAO,171525,"ESTNAPOLEAO, SN - CENTRO - 16270000"
104180,FAZENDA SAO SEBASTIAO,171526,"FAZENDA SAO SEBASTIAO, SN - CENTRO - 16270000"
133351,FAZENDA SCARDOVELLI,171527,"FAZENDA SCARDOVELLI, SN - CENTRO - 16270000"
104181,BAIRRO AGUA LIMPA,171528,"AGUA LIMPA DA MATA, SN - CENTRO - 16270000"
104182,BAIRRO AGUA LIMPA,171529,"BAIRRO AGUA LIMPA DA MATA, SN - CENTRO - 16270000"
104183,BAIRRO CASA DE TABOAS,171530,"BAIRRO CASA DE TABOAS, SN -  - 00000000"
104184,BAIRRO CAXIMBA,171531,"BAIRRO CAXIMBA, SN - CENTRO - 16270000"
104185,BAIRRO CAXIMBASEGUNDA,171531,"BAIRRO CAXIMBA, SN - CENTRO - 16270000"
104186,BAIRRO MACUQUINHO,171532,"MACUQUINHO, SN - CENTRO - 16270000"
133352,SITIO SANTO ANTONIO,171533,"BAIRRO BREJO ALEGRE, SN - CENTRO - 16270000"
104187,FAZENDA SAO SEBASTIAO,171526,"FAZENDA SAO SEBASTIAO, SN - CENTRO - 16270000"
104188,FAZENDA SCARDOVELLISEGUNDA,171527,"FAZENDA SCARDOVELLI, SN - CENTRO - 16270000"
104189,BAIRRO AGUA LIMPA,171529,"BAIRRO AGUA LIMPA DA MATA, SN - CENTRO - 16270000"
104190,FAZENDA CORREGO DA PEDRA,171534,"PEDRA, SN - CENTRO - 15280000"
104191,FAZENDA MATO GROSSO,171535,"AMADEU CEZAR, SN - CENTRO - 15280000"
133353,FAZENDA SANTA TEREZA,171536,"ALMONTE TRAZZI, SN - CENTRO - 15280000"
104192,SITIO MIGUEL ELIAS 086,171537,"DR ARLINDO, SN - CENTRO - 15280000"
104193,SITIO SANTO ANTONIO,171538,"ZABUMBA, SN - CENTRO - 15280000"
104194,FAZENDA BERTAGLIA,171539,"FAZENDA BERTAGLIA, SN -  - 00000000"
104195,SITIO MIGUEL ELIAS,171540,"FAZENDA STA BARBARA, SN - CENTRO - 15280000"
133354,FAZENDA NENE CARDOSO,171541,"CAPIVARA, SN - CENTRO - 15280000"
104196,FAZENDA TONCHIS,171542,"TONCHIS, SN - CENTRO - 15280000"
104197,FAZENDA PIRANHAS,171543,"DONA DEOLINDA, SN - CENTRO - 15280000"
104198,FAZENDA SANTA CANDELARIA,171544,"FAZENDA SANTA CANDELARIA, SN - SAO MARTINHO DOESTE - 16320000"
104199,BAIRRO DA SERRINHA,171545,"SERRINHA, SN - CENTRO - 16310000"
104200,BAIRRO DA SERRINHA,171545,"SERRINHA, SN - CENTRO - 16310000"
133355,GLEBA 2  UEAC,171316,"FAZENDA PRIMAVERA, SN - CENTRO - 16900000"
104201,BAIRRO CORREGO COROADOS,171546,"CORREGO COROADOS, SN - CENTRO - 16310000"
104202,BAIRRO PADRE CLARO,171547,"PADRE CLARO, SN - JATOBA - 16330000"
104203,BAIRRO DA CIGARRA,171548,"CIGARRA, SN - CENTRO - 16310000"
104204,BAIRRO SAO ROQUE,171549,"SAO ROQUE, SN - CENTRO - 16310000"
133356,BAIRRO DOS MACUCOS,171550,"BAIRRO DOS MACUCOS, SN - CENTRO - 16290000"
104205,FAZENDA SANTANA,171551,"FAZENDA SANTANA, SN - CENTRO - 16310000"
133357,BAIRRO CARRAPATO,171552,"CARRAPATO, SN - CENTRO - 16310000"
104206,BAIRRO RIBEIRAO GRANDE,171553,"RIB GRANDE, SN - JATOBA - 16330000"
104207,SITIO VITORINO,171554,"BARRA BONITA, SN - SAO MARTINHO DOESTE - 16320000"
104208,BAIRRO SAO JOAO,171555,"BAIRRO SAO JOAO, SN - CENTRO - 16360000"
104209,BAIRRO BORA,171556,"BAIRRO BORA, SN - CENTRO - 16360000"
133358,BAIRRO BORA,171556,"BAIRRO BORA, SN - CENTRO - 16360000"
104210,FAZENDA CAMPO VERDE,171557,"FAZENDA CAMPO VERDE, SN - CENTRO - 16360000"
104211,BAIRRO DA ROCINHA,171558,"BAIRRO DA ROCINHA, SN - CENTRO - 16360000"
104212,BAIRRO SALTINHO DO COROADOS,171559,"SALTINHO DO COROADOS, SN - CENTRO - 16300000"
104213,BAIRRO DO BORA,171560,"BAIRRO DO BORA, SN - CENTRO - 16360000"
104214,BAIRRO ANGLO,171561,"BAIRRO ANGLO, SN - CENTRO - 16350000"
104215,FAZENDA SANTANA,171562,"FAZENDA SANTANA, SN - CENTRO - 16360000"
104216,BAIRRO MOINHO DE VENTO,171563,"BAIRRO MOINHO DE VENTO, SN - CENTRO - 16350000"
104217,BAIRRO CAPITUVA,171564,"BAIRRO CAPITUVA, SN - CENTRO - 16360000"
104218,CERAMICA CHAVANTES,171565,"CERAMICA XAVANTES, SN - CENTRO - 16350000"
104219,BAIRRO MOINHO DE VENTO,171563,"BAIRRO MOINHO DE VENTO, SN - CENTRO - 16350000"
133360,BAIRRO SANTA CECILIA,171566,"BAIRRO SANTA CECILIA, SN - CENTRO - 16350000"
104220,BAIRRO FARELO,171567,"BAIRRO FARELO, SN - CENTRO - 16350000"
104222,BAIRRO DA FORMIGA,171568,"BAIRRO DA FORMIGA, SN - CENTRO - 16350000"
104223,BAIRRO BAGUACU,171569,"BAIRRO BAGUACU, SN - CENTRO - 16350000"
104224,CERAMICA CHAVANTES,171570,"SAO PAULO, SN - CENTRO - 16350000"
104227,BAIRRO PEROBAL,171571,"BAIRRO PEROBAL, SN - CENTRO - 16290000"
104228,FAZENDA SANTA LUZIA,171572,"FAZENDA SANTA LUZIA, SN - CENTRO - 16290000"
133362,FAZENDA RETIRO DO BOSQUE,171573,"FAZ RETIRO DO BOSQUE, SN - CENTRO - 16290000"
104230,BAIRRO MACUCOS,171574,"BAIRRO MACUCOS, SN - CENTRO - 16290000"
104231,INDIA MARIA ROSA,171575,"POSTO INDIGENA ICATU, SN - GUAPORANGA - 16290000"
104232,BAIRRO PEROBAL,171576,"BAIRRO PEROBAL, SN - CENTRO - 16290000"
133363,REASSENTAMENTO DE JUPIA  5,171577,"REASSENTAMENTO DE JUPIA, SN - CENTRO - 16290000"
104233,BAIRRO PEROBALZINHO,171578,"BAIRRO PEROBALZINHO, SN - CENTRO - 16290000"
104234,BAIRRO CORREGO CEPRIMEIRA,171579,"CORREGO CE, SN - CENTRO - 16250000"
104235,BAIRRO SAO ROQUE,171580,"BAIRRO SAO ROQUE, SN - CENTRO - 16310000"
104236,BAIRRO CORREGO CE,171579,"CORREGO CE, SN - CENTRO - 16250000"
104237,BAIRRO IRACEMA,171581,"IRACEMA, SN - CENTRO - 16250000"
133364,BAIRRO FARELO,171567,"BAIRRO FARELO, SN - CENTRO - 16350000"
104239,BAIRRO CORREGO DO MOYSES,171582,"CORREGO MOYSES, SN - CENTRO - 16250000"
104240,BAIRRO SANTA JULIA,171583,"SANTA JULIA, SN - CENTRO - 16340000"
104241,FAZENDA SANTA CECILIA,171584,"FAZENDA SANTA CECILIA, SN - CENTRO - 16350000"
104242,BAIRRO VOLTA GRANDE,171585,"BAIRRO VOLTA GRANDE, SN - CENTRO - 16340000"
104243,BAIRRO MARIMBU,171586,"MARIMBU, SN - CENTRO - 16340000"
104245,REASSENTAMENTO DE JUPIA  6,171587,"REASSENTAMENTO DE JUPIA, SN - CENTRO - 16340000"
104246,PROFAISMENIA AYMBIRE,171588,"PROFAISMENIA AYMBIRE, SN - CENTRO - 16300000"
133366,FAZENDA SAO JOSE,171589,"FAZENDA SAO JOSE, SN - CENTRO - 16300000"
104247,BAIRRO IGUATEMI,171339,"BAIRRO IGUATEMI, SN - CENTRO - 16980000"
104248,FAZENDA GURUCAIA,171452,"FAZENDA GURUCAIA, SN - CENTRO - 16700000"
104249,BAIRRO BOA ESPERANCA,171590,"BOA ESPERANCA, SN - CENTRO - 16300000"
104250,BAIRRO ARAPONGA,171591,"BAIRRO ARAPONGA, SN - CENTRO - 16300000"
104251,BAIRRO DO PARAGUAI,171592,"PARAGUAI, SN - CENTRO - 16300000"
104252,CENTRO RURAL,171593,"SALT COROADOS, SN - CENTRO - 16300000"
133368,BAIRRO DO PAPAGAIO,171594,"PAPAGAIO, SN - CENTRO - 16300000"
104255,BAIRRO CORREGO GRANDE,171595,"CORREGO GRANDE, SN - CENTRO - 16300000"
104256,BAIRRO BARRO PRETO,171596,"BARRO PRETO, SN - CENTRO - 16300000"
104257,FAZENDA SAO JOSE,171594,"PAPAGAIO, SN - CENTRO - 16300000"
104258,ESTACAO URUTAGUA,171597,"URUTAGUA, SN - CENTRO - 16300000"
133369,FAZENDA SAO PEDRO,171593,"SALT COROADOS, SN - CENTRO - 16300000"
104259,BAIRRO BARRA BONITA,171598,"BARRA BONITA, SN - CENTRO - 16300000"
104261,FAZENDA SANTA ESTELA,171599,"SANTA ESTELA, SN - CENTRO - 16300000"
104264,BAIRRO DO BONITO,171600,"BONITO, SN - CENTRO - 16300000"
104266,BAIRRO SALTINHO DO GALINARI,171601,"BAIRRO SALTINHO DO GALINARI, SN - CENTRO - 16300000"
104267,DUAS FAZENDAS,171602,"DUAS FAZENDAS, SN - CENTRO - 16700000"
104268,BAIRRO DO ARAPONGA,171603,"ARAPONGA, SN - CENTRO - 16300000"
104269,FAZENDA LAGOA DA MATA,171604,"FAZENDA LAGOA DA MATA, SN - CENTRO - 16300000"
104270,BAIRRO BAGUACU,171569,"BAIRRO BAGUACU, SN - CENTRO - 16350000"
133372,FAZENDA SAO PEDRO,171605,"SANTANA, SN - CENTRO - 16300000"
104272,FAZENDA SAO JOAO,171606,"BAHIA, SN - CENTRO - 16300000"
104273,BAIRRO MIMOSA,171360,"BAIRRO MIMOSA, SN - CENTRO - 16850000"
104274,BAIRRO DA BAHIA,171607,"BAIRRO DA BAHIA, SN - CENTRO - 16300000"
104275,FAZENDA SAO JOAO,171606,"BAHIA, SN - CENTRO - 16300000"
104276,BAIRRO CORREGO DOS PINTOS,171608,"CORREGO PINTOS, SN - CENTRO - 16300000"
104277,FAZENDA SANTO ANTONIO,171609,"LAGEADINHO, SN - CENTRO - 16300000"
133374,FAZENDA SANTA MARIA,171610,"BAIRRO DO LAGEADO, SN - CENTRO - 16300000"
104278,GLEBA SEIS,171319,"FAZENDA PRIMAVERA, SN - CENTRO - 16920000"
104281,FAZENDA SAO SEBASTIAO,165155,"PINTOS, SN - CENTRO - 16300000"
133375,FAZENDA SANTA HELENA,171611,"FAZENDA SANTA HELENA, SN - CENTRO - 16340000"
104284,SITIO BOA SORTE,171605,"SANTANA, SN - CENTRO - 16300000"
104285,BAIRRO SALTINHO DO GALINARI,171612,"SALTINHO DO LAGEADO, SN - CENTRO - 16300000"
104286,SITIO BOM JESUS,171613,"BARREIRO, SN - CENTRO - 16230000"
133376,BAIRRO JANGADAO,171614,"BAIRRO JANGADAO, SN - CENTRO - 16230000"
104287,SITIO SAO JOSE,171615,"LONTRA, SN - CENTRO - 16230000"
104288,SITIO SAO JOSE,171615,"LONTRA, SN - CENTRO - 16230000"
104289,BAIRRO BELA VISTA 083,171616,"BELA VISTA, SN - CENTRO - 16230000"
104290,FAZENDA SAO PEDRO,171617,"STEVANELLI, SN - CENTRO - 16230000"
104291,BAIRRO BELA VISTA,171618,"BAIRRO BELA VISTA, SN - CENTRO - 16230000"
104293,BAIRRO JANGADAO,171614,"BAIRRO JANGADAO, SN - CENTRO - 16230000"
104294,BAIRRO MACUCOS 054,171619,"MACUCOS, SN - CENTRO - 16290000"
104295,BAIRRO RIO FEIO,171620,"BAIRRO RIO FEIO, SN - CENTRO - 16230000"
104296,BAIRRO GENOVA,171621,"BAIRRO GENOVA, SN - CENTRO - 16230000"
104298,FAZENDA RIO PARANA,171622,"FAZENDA RIO PARANA, SN - CENTRO - 16920000"
104299,BAIRRO ESCONDIDO,171623,"BAIRRO ESCONDIDO, SN - CENTRO - 15355000"
104300,FAZENDA SANTA LOURDES,171624,"FAZENDA SANTA LOURDES, SN - CENTRO - 15350000"
133379,FAZENDA SANTA LOURDESPRIMEIRA,171624,"FAZENDA SANTA LOURDES, SN - CENTRO - 15350000"
104302,CORREGO DAS CABRAS,171625,"CORREGO DAS CABRAS, SN - CENTRO - 15350000"
104303,FAZENDA SANTA IZABEL,171626,"FAZENDA SANTA IZABEL, SN - CENTRO - 15350000"
133380,FAZENDA SANTA MARIA,171627,"LAMBARI D CIMA, SN - CENTRO - 15350000"
104305,BAIRRO DA OLARIA VELHASEGUNDA,171628,"BAIRRO OLARIA VELHA, SN - CENTRO - 15350000"
104306,FAZENDA BARRACAPRIMEIRA,171629,"FAZENDA BARRACA, SN - CENTRO - 15350000"
104307,FAZENDA BARRACASEGUNDA,171629,"FAZENDA BARRACA, SN - CENTRO - 15350000"
133381,FAZENDA FLOR DA MATA,171630,"FAZENDA FLOR DA MATA, SN - CENTRO - 15350000"
104308,SITIO SAO FRANCISCOSEGUNDA,171631,"LIMOEIRO, SN - CENTRO - 15350000"
104310,FAZENDA TAQUARAL,171632,"FAZENDA TAQUARAL, SN - CENTRO - 15350000"
104311,BAIRRO DO LIMA,171465,"BAIRRO DO LIMA, SN - CENTRO - 16210000"
133382,BAIRRO DA OLARIA VELHA,171628,"BAIRRO OLARIA VELHA, SN - CENTRO - 15350000"
104312,CORREGO DAS CRUZES,171633,"CORREGO DAS CRUZES, SN - CENTRO - 15350000"
104313,FAZENDA SANTA LUZIA,171634,"FAZENDA SANTA LUZIA, SN - CENTRO - 15350000"
104314,SITIO SAO FRANCISCOPRIMEIRA,171635,"SITIO SAO FRANCISCO, SN - CENTRO - 15350000"
104315,FAZENDA LIMOEIRO,171636,"FAZENDA LIMOEIRO, SN - CENTRO - 15350000"
104316,FAZENDA CAPITINGA,171637,"FAZENDA CAPITINGA, SN - CENTRO - 15350000"
133383,BAIRRO BURITI,171638,"BAIRRO BURITI, SN - CENTRO - 15350000"
104317,FAZENDA SANTA MARIASEGUNDA,171639,"FAZENDA SANTA MARIA, SN - CENTRO - 15350000"
104318,FAZENDA SAO JOSE,171640,"FAZENDA SAO JOSE, SN - CENTRO - 15350000"
104319,CORREGO DA AREIA,171641,"CORREGO DA AREIA, SN - CENTRO - 15320000"
104320,CORREGO DA COMITIVA,171642,"CORREGO DA COMITIVA, SN - CENTRO - 15320000"
104321,FAZENDA CORRENTINO,171643,"FAZENDA CORRENTINO, SN - CENTRO - 15320000"
104322,FAZENDA GUABIROBA,171644,"FAZENDA GUABIROBA, SN - CENTRO - 15320000"
104323,SITIO SAO ROQUE,171645,"SITIO SAO ROQUE, SN - CENTRO - 15320000"
104324,BAIRRO DO CUPIM,171646,"BAIRRO DO CUPIM, SN - CENTRO - 15320000"
104325,FAZENDA ARRIBADA,171647,"FAZENDA ARRIBADA, SN - CENTRO - 15320000"
133385,FAZENDA SANTA CLARICE,171648,"FAZENDA STA CLARICE, SN - CENTRO - 15370000"
104327,FAZENDA FLORESTA,171649,"FAZENDA FLORESTA, SN - CENTRO - 15320000"
104328,CORREGO DA COMITIVA,171650,"CORREGO DA COMITIVA, SN -  - 00000000"
104329,SITIO SANTA LUZIA,171651,"SITIO SANTA LUZIA, SN - CENTRO - 15320000"
104330,BAIRRO PEREIRAS,171652,"PEREIRAS, SN - CENTRO - 15330000"
104331,FAZENDA SAO JOSE,171653,"FAZENDA SAO JOSE, SN - CENTRO - 15330000"
104332,FAZENDA MACAUBAS,171654,"FAZENDA MACAUBAS, SN - CENTRO - 15330000"
104333,BAIRRO GUABIROBA,171655,"BAIRRO GUABIROBA, SN - CENTRO - 15330000"
104334,FAZENDA TRAZZI,171656,"FAZENDA TRAZZI, SN - CENTRO - 15330000"
104335,BAIRRO PEDRO BORGES,171657,"BAIRRO PEDRO BORGES, SN - CENTRO - 15330000"
133387,BAIRRO MATO GROSSO,171658,"BAIRRO MATO GROSSO, SN - CENTRO - 15330000"
104336,FAZENDA SAO JOSE,171653,"FAZENDA SAO JOSE, SN - CENTRO - 15330000"
104337,BAIRRO MATO GROSSO,171658,"BAIRRO MATO GROSSO, SN - CENTRO - 15330000"
133388,BAIRRO CELESTINO,171659,"BAIRRO CELESTINO, SN - CENTRO - 15330000"
133389,BAIRRO MARIANO,171660,"BAIRRO MARIANO, SN - CENTRO - 15330000"
104340,FAZENDA CELIA ESTRELA,171661,"FAZENDA CELIA ESTRELA, SN - NOVA PALMIRA - 15300000"
104341,VILA SAO LUIS,171662,"VILA SAO LUIS, SN - NOVA PALMIRA - 15300000"
133390,VILA SAO LUIS,171662,"VILA SAO LUIS, SN - NOVA PALMIRA - 15300000"
104342,VILA SAO LUIS,171662,"VILA SAO LUIS, SN - NOVA PALMIRA - 15300000"
104343,FAZENDA SANTO ANTONIO,171663,"FAZENDA SANTO ANTONIO, SN - NOVA PALMIRA - 15300000"
104344,BAIRRO DE NOVA PALMIRA,171664,"BAIRRO DE NOVA PALMIRA, SN - NOVA PALMIRA - 15300000"
104345,BAIRRO DE NOVA PALMIRA,171664,"BAIRRO DE NOVA PALMIRA, SN - NOVA PALMIRA - 15300000"
133391,FAZENDA NOSSA SENHORA APARECIDA,171665,"FAZ NOSSA SENHORA APARECIDA, SN - NOVA PALMIRA - 15300000"
104346,FAZENDA BOM RETIRO,171666,"FAZENDA BOM RETIRO, SN - NOVA PALMIRA - 15300000"
104347,FAZENDA SAO SIMAO,171667,"FAZENDA SAO SIMAO, SN - NOVA PALMIRA - 15300000"
104349,FAZENDA SAO SIMAO,171667,"FAZENDA SAO SIMAO, SN - NOVA PALMIRA - 15300000"
133392,FAZENDA SANTA MARIA,171668,"FAZENDA SANTA MARIA, SN - NOVA PALMIRA - 15300000"
104350,FAZENDA SANTA MARIA,171668,"FAZENDA SANTA MARIA, SN - NOVA PALMIRA - 15300000"
104351,FAZENDA BELA VISTA,171669,"FAZENDA BELA VISTA, SN - NOVA PALMIRA - 15300000"
104352,BAIRRO DE NOVA PALMIRA,171670,"BAIRRO NOVA PALMIRA, SN - NOVA PALMIRA - 15300000"
104353,FAZENDA VIRGINIA,171671,"FAZENDA VIRGINIA, SN - NOVA PALMIRA - 15300000"
133393,FAZENDA ACOITA CAVALOS,171672,"FAZENDA ACOITA CAVALOS, SN - NOVA PALMIRA - 15300000"
104354,FAZENDA CELIA ESTRELA,171661,"FAZENDA CELIA ESTRELA, SN - NOVA PALMIRA - 15300000"
104355,BAIRRO NOVA PALMIRA,171670,"BAIRRO NOVA PALMIRA, SN - NOVA PALMIRA - 15300000"
104356,FAZENDA GUANABARA,171673,"FAZENDA GUANABARA, SN - NOVA PALMIRA - 15300000"
104357,FAZENDA SANTO ANTONIO DO VIRADOURO,171674,"FDA STO ANTONIO DO VIRADOURO, SN - CENTRO - 15320000"
133394,FAZENDA SAO JOSE,171675,"FAZENDA SAO JOSE, SN - NOVA PALMIRA - 15300000"
104358,SITIO SAO JOSE,171676,"SITIO SAO JOSE, SN - NOVA PALMIRA - 15300000"
104359,BAIRRO BELA VISTA,171677,"BAIRRO BELA VISTA, SN - CENTRO - 15355000"
104360,FAZENDA MAR VERDE,171678,"FAZENDA MAR VERDE, SN - NOVA PALMIRA - 15300000"
104361,FAZENDA ACOITA CAVALOS,171679,"FAZENDA ACOITA CACALOS, SN - NOVA PALMIRA - 15300000"
133395,BAIRRO DAS CASINHAS,171680,"BAIRRO DAS CASINHAS, SN - NOVA PALMIRA - 15300000"
104362,CORREGO DO BURITI,171681,"CORREGO DO BURITI, SN - NOVA PALMIRA - 15300000"
104363,FAZENDA BOA VISTA,171682,"FAZENDA BOA VISTA, SN - NOVA PALMIRA - 15300000"
104364,FAZENDA MIGUEL BRITO,171683,"FAZENDA MIGUEL BRITO, SN - CENTRO - 15355000"
104365,BAIRRO ESCONDIDO,171623,"BAIRRO ESCONDIDO, SN - CENTRO - 15355000"
104366,FAZENDA SAO FRANCISCO,171684,"FAZ SAO FRANCISCO, SN - NOVA PALMIRA - 15300000"
104367,BAIRRO DAS CABRAS,171685,"BAIRRO DAS CABRAS, SN - CENTRO - 15355000"
104368,BELA VISTA,171677,"BAIRRO BELA VISTA, SN - CENTRO - 15355000"
104370,FAZENDA SANTA MARIA,171686,"FAZ SANTA MARIA, SN - NOVA PALMIRA - 15300000"
104371,BAIRRO DOS COQUEIROS,171687,"BAIRRO DOS COQUEIROS, SN - CENTRO - 15355000"
104372,FAZENDA SAO JORGE,171688,"FAZENDA SAO JORGE, SN - CENTRO - 15355000"
104373,CORREGO DO BURITI,171689,"CORREGO BURITI, SN - CENTRO - 15355000"
104374,FAZENDA ARAUNA,171690,"FAZENDA ARAUNA, SN - CENTRO - 15355000"
104375,FAZENDA MINADEIRA,171691,"FAZENDA MINADEIRA, SN - CENTRO - 15355000"
104376,CORREGO DA LONTRA,171692,"CORREGO DA LONTRA, SN - CENTRO - 15355000"
104377,FAZENDA SAO JORGE,171688,"FAZENDA SAO JORGE, SN - CENTRO - 15355000"
104378,FAZENDA MANOEL DE SOUZA,171693,"FAZ MANOEL DE SOUZA, SN - CENTRO - 15355000"
104379,CHACARA SAO JOSE,171694,"CHACARA SAO JOSE, SN - CENTRO - 15310000"
104380,SITIO SAO SEBASTIAO,171695,"SITIO SAO SEBASTIAO, SN - CENTRO - 15310000"
133399,FAZENDA SAO FRANCISCO,171696,"FAZENDA SAO FRANCISCO, SN - CENTRO - 15310000"
104381,FAZENDA MACAUBAS,171697,"FAZENDA MACAUBAS, SN - CENTRO - 15310000"
104382,FAZENDA ONCA,171698,"BAIRRO DO KM 14, SN - CENTRO - 15370000"
104383,FAZENDA SANTA CRUZ,171699,"FAZENDA SANTA CRUZ, SN - CENTRO - 15310000"
104384,FAZENDA SAO FRANCISCO,171696,"FAZENDA SAO FRANCISCO, SN - CENTRO - 15310000"
133400,FAZENDA SANTA RITA DE CASSIA,171700,"FAZ SANTA RITA DE CASSIA, SN - CENTRO - 15310000"
104385,FAZENDA OURO BRANCO,171701,"FAZENDA OURO BRANCO, SN - CENTRO - 15310000"
104387,FAZENDA SANTA ROSA,171702,"FAZENDA SANTA ROSA, SN - CENTRO - 15370000"
104388,FAZENDA ALVORADA,171703,"FAZENDA ALVORADA, SN - CENTRO - 15310000"
133401,BAIRRO KM ONZE,171704,"BAIRRO KM ONZE, SN - KM ONZE - 15370000"
104389,DO KM ONZE,171705,"DO KM ONZE, SN - CENTRO - 15370000"
104390,FAZENDA PARAISO,171706,"FAZENDA PARAISO, SN - CENTRO - 15370000"
104391,FAZENDA SANTA ADELIA,171707,"FAZENDA SANTA ADELIA, SN - CENTRO - 15370000"
104392,BAIRRO BELA FLORESTA,171708,"BAIRRO BELA FLORESTA, SN - CENTRO - 15370000"
104393,FAZENDA SAO JOAQUIM,171709,"FAZENDA SAO JOAQUIM, SN - CENTRO - 15370000"
104394,BAIRRO LUSSANVIRA,171710,"BAIRRO LUSSANVIRA, SN - CENTRO - 15370000"
133402,FAZENDA SAO MARTINHO,171711,"FAZENDA SAO RAFAEL, SN - CENTRO - 15370000"
104395,COMPLEXO HORTIFRUTIGRANJEIRO DE PEREIRA BARRETO,171712,"COMPLEXO HORTIFRUTIGRANJEIRO, SN - CENTRO - 15370000"
104396,FAZENDA SANTA ADELIA,171707,"FAZENDA SANTA ADELIA, SN - CENTRO - 15370000"
104397,BAIRRO KM 20,171713,"BAIRRO KM 20, SN - CENTRO - 15370000"
104398,FAZENDA COTOVIA,171714,"FAZENDA COTOVIA, SN - CENTRO - 15370000"
104399,BAIRRO BELA FLORESTA,171708,"BAIRRO BELA FLORESTA, SN - CENTRO - 15370000"
133403,BAIRRO UNIAO,171715,"BAIRRO UNIAO, SN - CENTRO - 15370000"
104403,FAZENDA NOVA ESTRELA,171716,"FAZENDA NOVA ESTRELA, SN - CENTRO - 15370000"
133404,FAZENDA ESMERALDA,171717,"FAZENDA ESMERALDA, SN - CENTRO - 15370000"
104405,PATRIMONIO SAO JOSE,171718,"PATRIMONIO SAO JOSE, SN - CENTRO - 15370000"
133405,PATRIMONIO SAO JORGESEGUNDA,171719,"PATRIMONIO SAO JORGE, SN - CENTRO - 15370000"
104406,PATRIMONIO SAO JORGE,171720,"PATRIMONIO SAO JORGE, SN - CENTRO - 15370000"
104407,BAIRRO IPE,171721,"BAIRRO IPE, SN - CENTRO - 15370000"
104408,FAZENDA LIMOEIRO,171722,"FAZ LIMOEIRO, SN - CENTRO - 15370000"
104409,DO CORREGO DA AREIA,171641,"CORREGO DA AREIA, SN - CENTRO - 15320000"
104410,FAZENDA TRES PORTEIRAS,171723,"FAZENDA TRES PORTEIRAS, SN - CENTRO - 15370000"
133406,FAZENDA SANTO ANTONIO,171724,"FAZENDA SANTO ANTONIO, SN - CENTRO - 15370000"
104411,FAZENDA SANTA TEREZINHA,171725,"FAZENDA SANTA TEREZINHA, SN - CENTRO - 15370000"
104412,FAZENDA SANTA ROSA,171702,"FAZENDA SANTA ROSA, SN - CENTRO - 15370000"
104413,FAZENDA SANTA CLARA,171726,"FAZENDA SANTA CLARA, SN - CENTRO - 15370000"
104414,PATRIMONIO SAO JOSE,171718,"PATRIMONIO SAO JOSE, SN - CENTRO - 15370000"
104415,FAZENDA TAPIR,171727,"FAZENDA TAPIR, SN - CENTRO - 15370000"
133407,FAZENDA NOVA ESTRELA,171716,"FAZENDA NOVA ESTRELA, SN - CENTRO - 15370000"
104416,BAIRRO IPE,171728,"BAIRRO IPE, SN - CENTRO - 15370000"
104417,GLEBA SEIS  2,171729,"GLEBA SEIS, SN - CENTRO - 15370000"
104418,FAZENDA TRES RAMOS,171730,"FAZENDA TRES RAMOS, SN - CENTRO - 15360000"
104419,BAIRRO XV DE NOVEMBRO,171731,"BAIRRO XV DE NOVEMBRO, SN - CENTRO - 15360000"
104420,BAIRRO CAMPESTRESEGUNDA,171732,"BAIRRO CAMPESTRE, SN - CENTRO - 15360000"
133408,LAGOA RICA,171733,"SITIO SANTO ANTONIO, SN - CENTRO - 15360000"
104421,FAZENDA SANTA CLARICE,171734,"FAZENDA SANTA CLARICE, SN - CENTRO - 15370000"
104422,SITIO SANTA ROSA,171735,"SITIO SANTA ROSA, SN - CENTRO - 15360000"
104423,FAZENDA ARACATUBINHA,171736,"FAZENDA ARACATUBINHA, SN - CENTRO - 15360000"
104424,DESTILARIA PIONEIROS,171737,"SANTA MARIA DA MATA, SN - CENTRO - 15360000"
133409,FAZENDA TRES RAMOS,171738,"FAZENDA MARCIA HELENA, SN - CENTRO - 15360000"
104425,FAZENDA AKINAGA,171739,"FAZENDA AKINAGA, SN - CENTRO - 15360000"
104426,BAIRRO XV DE NOVEMBRO,171731,"BAIRRO XV DE NOVEMBRO, SN - CENTRO - 15360000"
104428,LAGOA RICA,171733,"SITIO SANTO ANTONIO, SN - CENTRO - 15360000"
133410,BAIRRO XV DE NOVEMBRO,171731,"BAIRRO XV DE NOVEMBRO, SN - CENTRO - 15360000"
104429,FAZENDA MAGRINI,171740,"FAZENDA MAGRINI, SN - CENTRO - 15360000"
104430,DESTILARIA PIONEIROS,171737,"SANTA MARIA DA MATA, SN - CENTRO - 15360000"
104431,SITIO RUKURA,171741,"SITIO RUKURA, SN - CENTRO - 15360000"
104432,BAIRRO DO PAVAO,171742,"BAIRRO DO PAVAO, SN - CENTRO - 17800000"
104433,BAIRRO DO PAVAOSEGUNDA,171742,"BAIRRO DO PAVAO, SN - CENTRO - 17800000"
133411,BAIRRO DO PAVAOTERCEIRA,171742,"BAIRRO DO PAVAO, SN - CENTRO - 17800000"
104434,BAIRRO ORIENTE SUL,171743,"ORIENTE SUL, SN - CENTRO - 17800000"
104435,BAIRRO 5O ALQUEIRES,171744,"50 ALQUEIRES KM 4, SN - CENTRO - 17800000"
104436,BAIRRO ESTRADA 14,171745,"ESTRADA 14 KM 9, SN - CENTRO - 17800000"
104437,BAIRRO ESTRADA 14,171745,"ESTRADA 14 KM 9, SN - CENTRO - 17800000"
133412,FAZENDA COLONIA PAULISTA,171746,"FAZ COLONIA PAULISTA KM 29, SN - CENTRO - 17800000"
133413,BAIRRO ESTRADA 3,171747,"TUPANZINHO KM 11, SN - CENTRO - 17800000"
104439,BAIRRO ESTRADA 3 NORTE,171747,"TUPANZINHO KM 11, SN - CENTRO - 17800000"
133414,FAZENDA SANTA ROSA,171748,"FAZENDA SANTA ROSA KM 4, SN - CENTRO - 17800000"
104440,BAIRRO ORIENTE,171749,"ORIENTE, SN - CENTRO - 17800000"
104441,BAIRRO LAMBARI,171750,"LAMBARI KM 3, SN - CENTRO - 17800000"
104442,CORREGO BOA ESPERANCA,171751,"BAIRRO BOA ESPERANCA, SN - CENTRO - 17800000"
104443,BAIRRO AGUAPEI,171752,"AGUAPEI KM 8, SN - CENTRO - 17800000"
104444,BAIRRO BARRO PRETO,171753,"BARRO PRETO, SN - CENTRO - 17800000"
133415,FAZENDA JANDAIA,171754,"AGUA BOA, SN - CENTRO - 17800000"
104445,BAIRRO AGUA DA PRATA,171755,"AGUA DA PRATA, SN - CENTRO - 17800000"
104446,CORREGO DA ONCA,171756,"CORREGO DA ONCA, SN - CENTRO - 17800000"
104447,BAIRRO BARRO PRETO MIRIM,171753,"BARRO PRETO, SN - CENTRO - 17800000"
104448,BAIRRO LAGOA SECA,171757,"LAGOA SECA, SN - LAGOA SECA - 17800000"
133416,BAIRRO BARRO PRETO,171753,"BARRO PRETO, SN - CENTRO - 17800000"
104449,BAIRRO AGUA DA PRATA MIRIM,171755,"AGUA DA PRATA, SN - CENTRO - 17800000"
104450,BAIRRO AGUA BOA,171754,"AGUA BOA, SN - CENTRO - 17800000"
104451,BAIRRO LAGOA SECA NORTE,171758,"LAGOA SECA, SN - CENTRO - 17800000"
104452,BAIRRO CORREGO DA ONCA,171756,"CORREGO DA ONCA, SN - CENTRO - 17800000"
133417,BAIRRO LAMBARI,171759,"BAIRRO LAMBARI, SN - TERMINAL RODOVIARIO - 17870000"
104453,BAIRRO BANDEIRANTES,171760,"BAIRRO BANDEIRANTES, SN - TERMINAL RODOVIARIO - 17870000"
104454,BAIRRO LAMBARI,171759,"BAIRRO LAMBARI, SN - TERMINAL RODOVIARIO - 17870000"
104455,FAZENDA SANTA GENOVEVA MIRIM,171761,"FAZENDA SANTA GENOVEVA, SN - TERMINAL RODOVIARIO - 17870000"
104456,BAIRRO LAMBARI,171759,"BAIRRO LAMBARI, SN - TERMINAL RODOVIARIO - 17870000"
133418,BAIRRO LAMBARI MIRIM,171762,"BAIRRO LAMBARI MIRIM, SN - TERMINAL RODOVIARIO - 17870000"
104457,BAIRRO ALTO BELA VISTA,171763,"BAIRRO ALTO BELA VISTA, SN - TERMINAL RODOVIARIO - 17870000"
104458,BAIRRO ALTO BELA VISTA MIRIM,171763,"BAIRRO ALTO BELA VISTA, SN - TERMINAL RODOVIARIO - 17870000"
104459,BAIRRO CORREGO DO FOGO,171764,"BAIRRO CORREGO FOGO, SN - TERMINAL RODOVIARIO - 17870000"
133419,FAZENDA MONTOLAR,171765,"FAZENDA SAO MANOEL, SN - TERMINAL RODOVIARIO - 17870000"
104460,FAZENDA SANTA LUZIA,171766,"FAZENDA SANTA LUZIA, SN - TERMINAL RODOVIARIO - 17870000"
104461,BAIRRO RAFAEL ALBERTI,171767,"RAFAEL ALBERTI, SN - TERMINAL RODOVIARIO - 17870000"
104462,FAZENDA SANTA RITA,171768,"FAZENDA PORANGABA, SN - TERMINAL RODOVIARIO - 17870000"
133420,PROFA ILDA RAMOS ALTRAO,171769,"PROFAILDA RAMOS ALTRAO, SN - CENTRO - 17830000"
104464,CLPROVJUNTO A OTAVIANO JOSE CORREA I,171770,"DISTRITO DE ATLANTIDA, SN - CENTRO - 17830000"
104465,CLPROVJTO A OTAVIANO JOSE CORREA II,171770,"DISTRITO DE ATLANTIDA, SN - CENTRO - 17830000"
104466,BAIRRO MOROZIN DE CIMA,171771,"BAIRRO MOROZIN, SN - CENTRO - 17830000"
104467,BAIRRO QUEBRA COCO DE BAIXO,171772,"QUEBRA COCO, SN - CENTRO - 17830000"
133421,FAZENDA MANDAGUARI,171773,"FAZENDA MANDAGUARI, SN - CENTRO - 17830000"
104468,FAZENDA SAO JOAO,171774,"FAZENDA SAO JOAO, SN - CENTRO - 17830000"
104469,BAIRRO QUEBRA COCOOESTE,171772,"QUEBRA COCO, SN - CENTRO - 17830000"
104470,FAZENDA BANDEIRANTES,171775,"BANDEIRANTES, SN - CENTRO - 17830000"
104471,BAIRRO 9 DE JULHO DE CIMA,171776,"9 DE JULHO, SN - CENTRO - 17830000"
133422,FAZENDA JACUTINGA,171777,"FAZENDA JACUTINGA, SN - CENTRO - 17830000"
104473,FAZENDA JACUTINGA SECAO ANDRADE,171777,"FAZENDA JACUTINGA, SN - CENTRO - 17830000"
133423,FAZENDA BANDEIRANTES MIRIM,171778,"FAZENDA BANDEIRANTES, SN - CENTRO - 17830000"
104474,SITIO DOS RANCHOS DE CIMA,171779,"TRES PORTEIRAS, SN - CENTRO - 17830000"
104475,FAZENDA BOA SORTE,171780,"FAZENDA BOA SORTE, SN - CENTRO - 17830000"
104476,BAIRRO MOROZIN,171781,"MOROZIN, SN - CENTRO - 17830000"
104477,SITIO DOS RANCHOS DE BAIXO,171779,"TRES PORTEIRAS, SN - CENTRO - 17830000"
104478,FAZENDA SAO PEDRO,171782,"FAZENDA SAO PEDRO, SN - CENTRO - 17830000"
104480,FAZENDA NOVA ALIANCA,171783,"FAZENDA NOVA ALIANCA, SN - CENTRO - 17830000"
104481,FAZENDA BOA SORTE MIRIM,171780,"FAZENDA BOA SORTE, SN - CENTRO - 17830000"
104482,FAZENDA SANTA ADELAIDE,171784,"FAZENDA SANTA ADELAIDE, SN - CENTRO - 17830000"
104483,FAZENDA SANTO ANDRE,171785,"FAZENDA SANTO ANDRE, SN - CENTRO - 17830000"
133425,FAZENDA SANTANA,171786,"FAZENDA SANTANA, SN - CENTRO - 17830000"
104484,FAZENDA SAO PEDROSEGUNDA,171782,"FAZENDA SAO PEDRO, SN - CENTRO - 17830000"
104485,FAZENDA SANTA MARIA,171787,"FAZENDA SANTA MARIA, SN - CENTRO - 17830000"
104486,FAZENDA DO BANCO,171788,"FAZENDA DO BANCO, SN - CENTRO - 17830000"
104487,FAZENDA SAO PAULO,171789,"FAZENDA SAO PAULO, SN - CENTRO - 17830000"
133426,BAIRRO CORREGO ATLANTIDA,171790,"CORREGO ATLANTIDA, SN - CENTRO - 17830000"
104488,FAZENDA DO BANCO,171788,"FAZENDA DO BANCO, SN - CENTRO - 17830000"
104489,FAZENDA BOA VISTAPRIMEIRA,171791,"BAIRRO AGRELO, SN - CENTRO - 17830000"
104490,FAZENDA BOA VISTA,171791,"BAIRRO AGRELO, SN - CENTRO - 17830000"
104491,FAZENDA SAO PAULO,171792,"SAO PAULO, SN - CENTRO - 17830000"
104492,BAIRRO DOS ALECIOS,171793,"B DOS ALECIOS, SN - CENTRO - 17830000"
133427,FAZENDA SAO PAULO,171794,"FAZ SAO PAULO, SN - CENTRO - 17830000"
104493,FAZENDA BOA VISTA,171795,"FAZENDA BOA VISTA, SN - CENTRO - 17830000"
104494,BAIRRO BOIADEIRA DE CIMA,171796,"BOIADEIRA, SN - CENTRO - 17880000"
104495,BAIRRO BOIADEIRA DE BAIXO,171796,"BOIADEIRA, SN - CENTRO - 17880000"
104496,BAIRRO BOIADEIRA,171796,"BOIADEIRA, SN - CENTRO - 17880000"
133428,BAIRRO SAO JOSE,171797,"BAIRRO SAO JOSE, SN - CENTRO - 17880000"
104497,BAIRRO PRIMAVERA,171798,"PRIMAVERA, SN - CENTRO - 17880000"
104498,BAIRRO PRIMAVERA SUL,171799,"PRIMAVERA, SN - CENTRO - 17280000"
104499,FAZENDA BANDEIRANTES,171800,"FAZ BANDEIRATES, SN - CENTRO - 17880000"
104500,FAZENDA PAINEIRA,171801,"FAZENDA PAINEIRA, SN - CENTRO - 17880000"
133429,FAZENDA BANDEIRANTE LESTE,171802,"FAZENDA BANDEIRANTE LESTE, SN - CENTRO - 17880000"
104501,DR FRANCISCO CUNHA,171803,"PATURY, SN - CENTRO - 17880000"
104502,DR FRANCISCO CUNHA SUL,171803,"PATURY, SN - CENTRO - 17880000"
104503,FAZENDA BANDEIRANTE OESTE,171804,"FAZENDA BANDEIRANTE OESTE, SN - CENTRO - 17880000"
104504,BAIRRO CAFEZINHO,171805,"BAIRRO CAFEZINHO, SN - CENTRO - 17880000"
104505,BAIRRO CAFEZINHOTERCEIRA,165157,"CAFEZINHO, SN - CENTRO - 17880000"
133430,BAIRRO PRIMEIRA CORRENTE,171806,"B PRIMEIRA CORRENTE, SN - CENTRO - 17880000"
133431,BAIRRO SAO JOSE NORTE,171807,"SAO JOSE, SN - CENTRO - 17880000"
104507,BAIRRO SAO JOSE SUL,171807,"SAO JOSE, SN - CENTRO - 17880000"
104508,BAIRRO SAO JOSE MIRIM,171807,"SAO JOSE, SN - CENTRO - 17880000"
104509,FAZENDA RECREIO,171808,"FAZENDA RECREIO, SN - CENTRO - 17780000"
133432,FAZENDA RECREIO MIRIM,171809,"FAZENDA RECREIO MIRIM, SN - CENTRO - 17780000"
104510,COLONIA SALVACAO,171810,"COLONIA SALVACAO, SN - CENTRO - 17780000"
104511,COLONIA SALVACAO DE CIMA,171810,"COLONIA SALVACAO, SN - CENTRO - 17780000"
104512,BAIRRO GUATAPORANGA,171811,"BAIRRO GUATAPORANGA, SN - CENTRO - 17780000"
104513,CORREGO BOA ESPERENCA SUL,171812,"BOA ESPERANCA, SN - CENTRO - 17780000"
104514,BAIRRO UNIAO,171813,"BAIRRO UNIAO, SN - CENTRO - 17780000"
133433,BAIRRO MIL ALQUEIRES,171814,"BAIRRO MIL ALQUEIRES, SN - CENTRO - 17780000"
104515,BAIRRO MIL ALQUEIRES DE BAIXO,171815,"BAIRRO MIL ALQUEIRES DE BAIXO, SN - CENTRO - 17780000"
104516,BAIRRO UNIAO MIRIM,171816,"BAIRRO UNIAO, SN - CENTRO - 17780000"
104517,BAIRRO MIL ALQUEIRESTERCEIRA,171814,"BAIRRO MIL ALQUEIRES, SN - CENTRO - 17780000"
104518,FAZENDA SANTA ELISA,171817,"FAZENDA SANTA ELISA, SN - CENTRO - 17780000"
133434,CORREGO LAJEADO,171816,"BAIRRO UNIAO, SN - CENTRO - 17780000"
104520,FAZENDA FLORESTA,171818,"FAZENDA FLORESTA, SN - CENTRO - 17780000"
104521,COLONIA PAULISTA,171819,"COLONIA PAULISTA, SN - CENTRO - 17780000"
104522,BAIRRO BULE SECO,171820,"BAIRRO BULE SECO, SN - CENTRO - 17780000"
133435,FAZENDA SANTA ELISA LESTE,171817,"FAZENDA SANTA ELISA, SN - CENTRO - 17780000"
104523,COLONIA PAULISTA DE CIMA,171819,"COLONIA PAULISTA, SN - CENTRO - 17780000"
104524,BAIRRO UNIAO DE CIMA,171816,"BAIRRO UNIAO, SN - CENTRO - 17780000"
104525,BAIRRO TRES BOTECOSPRIMEIRA,171821,"TRES BOTECOS, SN - CENTRO - 17780000"
104526,BAIRRO TRES BOTECOSSEGUNDA,171821,"TRES BOTECOS, SN - CENTRO - 17780000"
104527,FAZENDA BALISA,171822,"FAZENDA BALISA, SN - CENTRO - 17780000"
104528,SITIO ALVORADA,171823,"SITIO ALVORADA, SN - CENTRO - 17780000"
104529,FAZENDA SANTA MARIA,171824,"SANTA MARIA, SN - CENTRO - 17780000"
104531,FAZENDA BALIZA,171825,"FAZENDA BALIZA, SN - CENTRO - 17780000"
104532,BAIRRO MARREQUINHA,171826,"MARREQUINHA, SN - CENTRO - 17810000"
133437,SITIO SANTO TOMAZ DE AQUINO,171827,"QUEBRA COCO, SN - CENTRO - 17810000"
104533,BAIRRO CASCADURA,171828,"CASCADURA, SN - CENTRO - 17810000"
104534,BAIRRO CORREGO DA FORTUNA,171829,"CORREGO DA FORTUNA, SN - CENTRO - 17810000"
104535,BAIRRO UNIAO,171830,"BAIRRO UNIAO, SN - CENTRO - 17810000"
104536,SITIO SANTO TOMAZ DE AQUINOSEGUNDA,171831,"BAIRRO QUEBRA COCO, SN - CENTRO - 17810000"
104537,BAIRRO CORREGO FORTUNA,171832,"CORREGO FORTUNA, SN - CENTRO - 17810000"
104538,BAIRRO DO MORAO,171833,"BAIRRO MORAO, SN - CENTRO - 17810000"
133438,BAIRRO MORAO,171833,"BAIRRO MORAO, SN - CENTRO - 17810000"
104539,BAIRRO DO MORAO SUL,171834,"MORAO, SN - CENTRO - 17810000"
133439,FAZENDA BOA,171835,"CAJUEIRO, SN - CENTRO - 17810000"
104540,SITIO SANTO ANTONIO MIRIM,171836,"BAIRRO MONTE ALEGRE, SN - CENTRO - 17810000"
104542,BAIRRO PRADO JUNIOR,171837,"PE DE GALINHA, SN - CENTRO - 17810000"
133440,BAIRRO PRADO JUNIOR,171837,"PE DE GALINHA, SN - CENTRO - 17810000"
104543,SITIO SANTO ANTONIO,171838,"E VASCONCELOS, SN - CENTRO - 17810000"
104544,BAIRRO PE DE GALINHA,171837,"PE DE GALINHA, SN - CENTRO - 17810000"
104545,FAZENDA BOA,171835,"CAJUEIRO, SN - CENTRO - 17810000"
104546,BAIRRO SANTA TEREZINHA,171839,"BAIRRO SANTA TEREZINHA, SN - CENTRO - 17810000"
104547,ARAKI UEDA,171840,"ARAKI UEDA, SN - CENTRO - 17860000"
104548,PROFA TEREZA CASTILHO TENO BALDO,171841,"PROFATEREZA CTBALDO, SN - CENTRO - 17860000"
104549,BAIRRO CORREGO DA PAZ,171842,"CORREGO DA PAZ, SN - CENTRO - 17860000"
104550,BAIRRO CORREGO DA PAZ DE BAIXO,171842,"CORREGO DA PAZ, SN - CENTRO - 17860000"
104551,BAIRRO CORREGO DA PAZ DE CIMA,171842,"CORREGO DA PAZ, SN - CENTRO - 17860000"
104552,BAIRRO NIPOLANDIA,171843,"NIPOLANDIA, SN - CENTRO - 17860000"
104553,BAIRRO NIPOLANDIA MIRIM,171843,"NIPOLANDIA, SN - CENTRO - 17860000"
133442,FAZENDA SANTA RITA,171844,"FAZENDA SANTA RITA, SN - CENTRO - 17860000"
104554,BAIRRO NOVO ROBERTO,171845,"BAIRRO NOVO ROBERTO, SN - CENTRO - 17860000"
104555,BAIRRO NOVO ROBERTO MIRIM,171845,"BAIRRO NOVO ROBERTO, SN - CENTRO - 17860000"
104556,BAIRRO SAO JOSE,171846,"BAIRRO SAO JOSE, SN - CENTRO - 17860000"
104557,FAZENDA SANTA RITA MIRIM,171844,"FAZENDA SANTA RITA, SN - CENTRO - 17860000"
104558,FAZENDA FLORIDA,171847,"FAZ FLORIDA, SN - CENTRO - 17860000"
104559,BAIRRO IRACEMA,171848,"IRACEMA, SN - CENTRO - 17860000"
104560,BAIRRO SAO JORGE,171849,"SAO JORGE, SN - CENTRO - 17860000"
104561,CORREGO BOA ESPERANCA,171850,"BOA ESPERANCA KM 7, SN - CENTRO - 17800000"
104562,BAIRRO CORREGO DO EDEN,171851,"CORREGO DO EDEN, SN - CENTRO - 17860000"
104563,BAIRRO SAO JORGE MIRIM,171849,"SAO JORGE, SN - CENTRO - 17860000"
133444,BAIRRO CORREGO DO EDEN OESTE,171851,"CORREGO DO EDEN, SN - CENTRO - 17860000"
104565,BAIRRO PATURY,171852,"PATURY, SN - CENTRO - 17860000"
104566,BAIRRO DO SETE,171853,"BAIRRO DO SETE, SN - CENTRO - 17860000"
104567,BAIRRO DO SETE,171853,"BAIRRO DO SETE, SN - CENTRO - 17860000"
133445,BAIRRO DO CAPIM FINO,171854,"BAIRRO DO CAPIM FINO, SN - CENTRO - 17860000"
104569,BAIRRO CAPIM FINO 048,171855,"CAPIM FINO, SN - CENTRO - 17860000"
104570,BAIRRO SANTA MARIA,171856,"BAIRRO SANTA MARIA, SN - CENTRO - 17860000"
104571,BAIRRO SANTA MARIA MIRIM,171857,"BAIRRO SANTA MARIA MIRIM, SN - CENTRO - 17860000"
104573,BAIRRO LAMBARI,171858,"BAIRRO LAMBARI, SN - CENTRO - 17860000"
133446,BAIRRO CORREGO DA ILHA,171859,"BAIRRO CORREGO DA ILHA, SN - CENTRO - 17860000"
104574,BAIRRO SPADACIO,171860,"BAIRRO SPADACIO, SN - CENTRO - 17900000"
104575,SPADACIO,165158,"SPADACIO, SN - CENTRO - 17900000"
133447,BAIRRO SANTA CATARINA,171861,"SANTA CATARINA, SN - CENTRO - 17900000"
104576,BAIRRO CORREGO PRADO,171862,"BAIRRO DO PRADO, SN - CENTRO - 17900000"
104577,BAIRRO TAQUARUCU,171863,"TAQUARUCU, SN - CENTRO - 17900000"
104578,FAZENDA SANTO ANTONIO,171864,"CORREGO PRADO, SN - CENTRO - 17900000"
133448,BAIRRO CORREGO DO PRADO,171865,"BAIRRO CORREGO DO PRADO, SN - CENTRO - 17900000"
104579,BAIRRO CENEDESE,171866,"CENEDESE, SN - CENTRO - 17970000"
104583,BAIRRO DAS PALMEIRAS,171867,"BAIRRO DAS PALMEIRAS, SN - CENTRO - 17900000"
133449,SITIO PRIMAVERA,171868,"SITIO PRIMAVERA, SN - CENTRO - 17900000"
104584,BAIRRO DAS PALMEIRAS,171867,"BAIRRO DAS PALMEIRAS, SN - CENTRO - 17900000"
104585,NUCLEO FORTUNATO RIBAS,171867,"BAIRRO DAS PALMEIRAS, SN - CENTRO - 17900000"
104586,NUCLEO SAO JOAQUIM,171869,"TAQUARA BRANCA, SN - CENTRO - 17970000"
104587,FORTUNATO RIBASSEGUNDA,171867,"BAIRRO DAS PALMEIRAS, SN - CENTRO - 17900000"
133450,BAIRRO MIRASSOL,171870,"BAIRRO MIRASSOL, SN - CENTRO - 17900000"
104588,CABECEIRA DAS PALMEIRAS,171871,"CABECEIRA DAS PALMEIRAS, SN - CENTRO - 17900000"
104589,PRIMAVERA,171867,"BAIRRO DAS PALMEIRAS, SN - CENTRO - 17900000"
104590,FAZENDA SAO LUIZ,171872,"FAZSAO LUIZ, SN - CENTRO - 17900000"
104591,BAIRRO DAS ANTAS,171873,"FAZENDA BELA VISTA, SN - CENTRO - 17900000"
104592,FAZENDA ALVORADA,171874,"FAZENDA ALVORADA, SN - CENTRO - 17900000"
133451,FAZENDA PAGNOZZI,171875,"BAIRRO CAIC, SN - CENTRO - 17920000"
104593,ANTAS,171873,"FAZENDA BELA VISTA, SN - CENTRO - 17900000"
104594,FAZENDA SANTO ANTONIO,171876,"FAZENDA SANTO ANTONIO, SN - CENTRO - 17920000"
104595,BAIRRO SAO BENTO,171877,"BAIRRO SAO BENTO, SN - CENTRO - 17930000"
104596,CASA DO MENOR,171878,"EST MUN DRACENA TUPI PTA, SN - CENTRO - 17900000"
133452,BAIRRO IANDARA,171879,"BAIRRO IANDARA, SN - CENTRO - 17900000"
104597,BAIRRO IANDARASEGUNDA,171880,"IANDARA, SN - CENTRO - 17900000"
104598,FAZENDA SANTO ANTONIO,171881,"SANTO ANTONIO, SN - CENTRO - 17900000"
104599,JAVA PAULISTA,171882,"JAVA PAULISTA, SN - CENTRO - 17900000"
104600,CENTRO ATEND SOCIOEDUC AO ADOLESC OSASCO I CI,171442,"JOSE PASCOWITCH, SN - RAPOSO TAVARES - 06149070"
104601,CORREGO SECO,171883,"CORREGO SECO, SN - CENTRO - 17890000"
104602,BAIRRO JURITI,171884,"BAIRRO JURITI, SN - CENTRO - 17890000"
104603,FAZENDA TABAPUA,171885,"FAZENDA TABAPUA, SN - CENTRO - 17890000"
104604,CHACARA DRACENA,171886,"CHACARA DRACENA, SN - CENTRO - 17900000"
104605,BAIRRO CORREGO SECO,171883,"CORREGO SECO, SN - CENTRO - 17890000"
104606,BAIRRO UNIAO,171887,"BAIRRO UNIAO, SN - CENTRO - 17890000"
104607,BAIRRO PASTINHO,171888,"PASTINHO, SN - CENTRO - 17890000"
133454,NUCLEO SAO PAULO,171889,"BAIRRO PRIMEIRA SECCAO, SN - CENTRO - 17890000"
104610,BAIRRO PALMEIRINHA,171890,"PALMEIRINHA, SN - CENTRO - 17890000"
104611,SITIO SAO PAULO,171889,"BAIRRO PRIMEIRA SECCAO, SN - CENTRO - 17890000"
133455,BAIRRO UNIAOSEGUNDA,171887,"BAIRRO UNIAO, SN - CENTRO - 17890000"
104616,BAIRRO PASTINHO,171891,"BAIRRO PASTINHO, SN - CENTRO - 17890000"
104617,GLEBA SECA,171892,"GLEBA SECA, SN - CENTRO - 17890000"
104618,NOVAS PALMEIRAS,171893,"NOVAS PALMEIRAS, SN - CENTRO - 17890000"
104619,FAZENDA MORRO GRANDE,171894,"FAZENDA MORRO GRANDE, SN - CENTRO - 17890000"
104620,BAIRRO ARIRANHA,171895,"ARIRANHA, SN - CENTRO - 17890000"
133457,BAIRRO JARDIM PARAISO,171896,"JARDIM PARAISO, SN - CENTRO - 17890000"
104621,ESTRADA DO RIO FEIO,171897,"ESTRADA DO RIO FEIO, SN - CENTRO - 17890000"
104622,ESTRADA DO RIO FEIO,171897,"ESTRADA DO RIO FEIO, SN - CENTRO - 17890000"
104623,FAZENDA BOA SORTE,171898,"FAZENDA BOA SORTE, SN -  - 00000000"
104624,BAIRRO NOVAS PALMEIRAS,171893,"NOVAS PALMEIRAS, SN - CENTRO - 17890000"
104625,GLEBA SECA,171892,"GLEBA SECA, SN - CENTRO - 17890000"
133458,JARDIM PARAISO,171896,"JARDIM PARAISO, SN - CENTRO - 17890000"
104626,BAIRRO DAS PALMEIRAS,171899,"BAIRRO DAS PALMEIRAS, SN -  - 00000000"
104627,BAIRRO TAGUARUCU,171900,"TAQUARUCU, SN - CENTRO - 17890000"
104628,NUCLEO JARDIM PARAISO,171896,"JARDIM PARAISO, SN - CENTRO - 17890000"
104629,NUCLEO TAGUARUCU,171900,"TAQUARUCU, SN - CENTRO - 17890000"
133459,BAIRRO IPE,171901,"BAIRRO IPE, SN - CENTRO - 17890000"
104630,BAIRRO IPE,171901,"BAIRRO IPE, SN - CENTRO - 17890000"
104631,BAIRRO DO TAGUARUCU,171900,"TAQUARUCU, SN - CENTRO - 17890000"
104632,BAIRRO PASTINHO,171888,"PASTINHO, SN - CENTRO - 17890000"
104633,NUCLEO PASTINHO,171888,"PASTINHO, SN - CENTRO - 17890000"
104634,BAIRRO DO PASTINHO,171888,"PASTINHO, SN - CENTRO - 17890000"
104637,BELA VISTA,171902,"FAZENDA BELA VISTA, SN - CENTRO - 17890000"
104638,NUCLEO BELA VISTA,171902,"FAZENDA BELA VISTA, SN - CENTRO - 17890000"
133461,PARALELO,171903,"PARALELO, SN - CENTRO - 17890000"
104639,FAZENDA BELA VISTA,171904,"FAZ BELA VISTA, SN - CENTRO - 17890000"
104640,BAIRRO PARALELO,171903,"PARALELO, SN - CENTRO - 17890000"
104641,MORRO GRANDE,171894,"FAZENDA MORRO GRANDE, SN - CENTRO - 17890000"
133463,BAIRRO MAGUARI,171905,"MAGUARI, SN - CENTRO - 17890000"
104643,BAIRRO MORIYAMA,171906,"MORIYAMA, SN - CENTRO - 17960000"
104644,NUCLEO MORIYAMA,171906,"MORIYAMA, SN - CENTRO - 17960000"
104645,BAIRRO MORIYAMA,171906,"MORIYAMA, SN - CENTRO - 17960000"
133464,BAIRRO BANDEIRANTES,171907,"BANDEIRANTES, SN - CENTRO - 17960000"
104646,BAIRRO SANTA MARTA,171908,"BAIRRO SANTA MARTA, SN - CENTRO - 17960000"
104647,BAIRRO SANTA MARTASEGUNDA,171909,"SANTA MARTA, SN - CENTRO - 17960000"
104648,MORIYAMA,171906,"MORIYAMA, SN - CENTRO - 17960000"
104649,BAIRRO DAS PALMEIRAS,171910,"BAIRRO DAS PALMEIRAS, SN - CENTRO - 17960000"
104650,SANTA MARTA,171909,"SANTA MARTA, SN - CENTRO - 17960000"
133465,BAIRRO BANDEIRANTES,171911,"BAIRRO BANDEIRANTES, SN - CENTRO - 17960000"
104651,BAIRRO CORREGO GALANTE,171912,"CORREGO GALANTE, SN - CENTRO - 17960000"
104652,BAIRRO GLEBA SECA DE CIMA,171913,"BAIRRO GLEBA SECA CIMA, SN - CENTRO - 17960000"
104653,BAIRRO BOLONGIN,171914,"BAIRRO BOLONGIM, SN - CENTRO - 17960000"
104654,BAIRRO CAETE,171915,"BAIRRO CAETE, SN - CENTRO - 17960000"
133466,SANTA MARTA DE BAIXO,171916,"BAIRRO STA MARTA BAIXO, SN - CENTRO - 17960000"
104655,SAO JOSE,171917,"BAIRRO SAO JOSE, SN - CENTRO - 17960000"
104656,BAIRRO BOLONGIN,171918,"BOLONGIN, SN - CENTRO - 17960000"
104657,BAIRRO SANTA MARTA DE BAIXO 040 1,171909,"SANTA MARTA, SN - CENTRO - 17960000"
104658,BAIRRO CAETE,171915,"BAIRRO CAETE, SN - CENTRO - 17960000"
133467,BAIRRO SAO JOSE,171917,"BAIRRO SAO JOSE, SN - CENTRO - 17960000"
104659,GLEBA SECA DE CIMA,171919,"GLEBA SECA DE CIMA, SN - CENTRO - 17960000"
104660,BAIRRO PEREIRAO,171920,"BAIRRO PEREIRAO, SN - CENTRO - 17960000"
104661,FAZENDA SANTA MARIA,171921,"SANTA MARIA, SN - CENTRO - 17960000"
104662,BAIRRO SANTA MARTA DE BAIXO,171922,"BAIRRO STA MARIA BAIXO, SN - CENTRO - 17960000"
104663,BAIRRO GLEBA SECA DE BAIXO,171923,"GLEBA SECA BAIXO, SN - CENTRO - 17960000"
133468,BAIRRO OLARIA,171924,"OLARIA, SN - CENTRO - 17950000"
104664,BOA VISTA,171925,"BOA VISTA, SN - CENTRO - 17890000"
104665,BAIRRO IGUATEMI,171926,"IGUATEMI, SN - CENTRO - 17950000"
104666,BAIRRO IGUATEMI,171926,"IGUATEMI, SN - CENTRO - 17950000"
104667,BAIRRO DOURAMA,171927,"BAIRRO DOURAMA, SN - CENTRO - 17950000"
104669,BAIRRO DOURAMAPRIMEIRA,171927,"BAIRRO DOURAMA, SN - CENTRO - 17950000"
104670,FAZENDA MARACANA,171928,"MARACANA, SN - CENTRO - 17920000"
104671,BAIRRO CAFEZINHO,171929,"CAFEZINHO, SN - CENTRO - 17920000"
104672,BAIRRO CAPIVARA,171930,"CAPIVARA, SN - CENTRO - 17920000"
104673,BAIRRO PARANAI,171931,"PARANAI, SN - CENTRO - 17920000"
133470,PARANAI,171931,"PARANAI, SN - CENTRO - 17920000"
104674,FAZENDA VERDEVAL,171932,"FAZENDA VERDEVAL, SN - CENTRO - 17920000"
104675,MARACANA,171928,"MARACANA, SN - CENTRO - 17920000"
133472,BAIRRO APIAI I 053,171933,"APIAI, SN - CENTRO - 17920000"
104677,CAPIVARA,171930,"CAPIVARA, SN - CENTRO - 17920000"
133473,FAZENDA BOA SORTE,171934,"BOA SORTE, SN - CENTRO - 17920000"
104678,BAIRRO APIAI,171933,"APIAI, SN - CENTRO - 17920000"
104679,SANTO ANTONIO,171935,"SANTO ANTONIO, SN - CENTRO - 17920000"
104680,FAZENDA SANTO ANTONIO,171935,"SANTO ANTONIO, SN - CENTRO - 17920000"
104681,BAIRRO CAIC,171875,"BAIRRO CAIC, SN - CENTRO - 17920000"
133474,FAZENDA PAGNOZZI,171936,"FAZENDA PAGNOZZI, SN - CENTRO - 17920000"
104683,BAIRRO CAIC,171875,"BAIRRO CAIC, SN - CENTRO - 17920000"
104684,FAZENDA PAULISTA 060,171937,"FAZPAULISTA, SN - CENTRO - 17920000"
104686,ESTRADA CINCO,171938,"ESTRADA CINCO, SN - CENTRO - 17980000"
104687,SITIO SAO JOSE,171939,"SITIO SAO JOSE, SN - CENTRO - 17980000"
104688,NUCLEO TELESP,171940,"NUCLEO TELESP, SN - CENTRO - 11920000"
104690,CERAMICA PANORAMA,171941,"BAIRRO CERAMICA, SN - CENTRO - 17980000"
133476,FAZENDA NOSSA SENHORA APARECIDA,171942,"FAZENDA NOSSA SRA APARECIDA, SN - CENTRO - 17940000"
104691,FAZENDA SANTA ADELAIDE,171943,"FAZ STA ADELAIDE, SN - CENTRO - 17980000"
104692,FAZENDA SANTA ADELAIDE,171944,"FAZENDA SANTA ADELAIDE, SN - CENTRO - 17980000"
104693,BAIRRO CERAMICA,171941,"BAIRRO CERAMICA, SN - CENTRO - 17980000"
104695,MONTEIRO LOBATO,171945,"MONTEIRO LOBATO, SN - CENTRO - 17980000"
104696,COLONIA YAMATO,171946,"YAMATO, SN - CENTRO - 17980000"
133477,CERAMICA 066 3,171947,"CERAMICA, SN - CENTRO - 17980000"
104697,CAMPO BELO,171948,"CAMPO BELO, SN - CENTRO - 17980000"
104698,OLARIA,171924,"OLARIA, SN - CENTRO - 17950000"
104699,NUCLEO YAMATO,171946,"YAMATO, SN - CENTRO - 17980000"
75387,ILHA SANTO ANDRE,171949,"ILHA SANTO ANDRE, SN - CENTRO - 17990000"
104701,FAZENDA BURITIS,171950,"FAZ BURITIS, SN - CENTRO - 17990000"
104702,CORPUS CHRISTI,171951,"CORPUS CHRISTI, SN - CENTRO - 17990000"
104703,CERAMICA PAULICEIA,171952,"CERAMICA PAULICEIA, SN - CENTRO - 17990000"
104704,NUCLEO BURITIS,171950,"FAZ BURITIS, SN - CENTRO - 17990000"
104705,FAZENDA BANDEIRANTES,171953,"FAZENDA BANDEIRANTES, SN - CENTRO - 17990000"
133478,FAZENDA SAO VICENTE,171954,"FAZENDA SAO VICENTE, SN - CENTRO - 17990000"
104706,FAZENDA CORPUS CHRISTI,171955,"FAZENDA CORPUS CHRISTI, SN - CENTRO - 17990000"
104707,JATOBA,171956,"JATOBA, SN -  - 00000000"
104708,FAZENDA BURITIS,171950,"FAZ BURITIS, SN - CENTRO - 17990000"
104709,ILHA PORTAO DE FERRO,171957,"ILHA PORTAO DE FERRO, SN - CENTRO - 17990000"
133479,BAIRRO ITAI,171958,"ITAI, SN - CENTRO - 17990000"
133480,BAIRRO CERAMICA PAULICEIA,171952,"CERAMICA PAULICEIA, SN - CENTRO - 17990000"
104711,ITAI,171958,"ITAI, SN - CENTRO - 17990000"
104712,NUCLEO COLONIA DOURADA,171959,"COLONIA DOURADA, SN - CENTRO - 17940000"
104713,COLONIA DOURADA,171959,"COLONIA DOURADA, SN - CENTRO - 17940000"
104714,FAZENDA SANTO REIS,171960,"FAZENDA SANTO REIS, SN - CENTRO - 17940000"
104715,BAIRRO ITAIM,171961,"ITAIM, SN - CENTRO - 17940000"
133481,COLONIA DOURADA,171962,"BAIRRO COLONIA DOURADA, SN - CENTRO - 17940000"
104716,NUCLEO NOVA BILAC,171963,"NOVA BILAC, SN - CENTRO - 17940000"
104717,BAIRRO NOVA BILAC,171963,"NOVA BILAC, SN - CENTRO - 17940000"
104719,PATRIMONIO TERRA NOVA DOESTE,171964,"TERRA NOVA DOESTE, SN - CENTRO - 17940000"
104720,PATRIMONIO TERRA NOVA DOESTE,171964,"TERRA NOVA DOESTE, SN - CENTRO - 17940000"
104721,SAO JOAQUIM,171869,"TAQUARA BRANCA, SN - CENTRO - 17970000"
104725,FAZENDA GASQUES,171965,"COR PAU DALHO, SN - CENTRO - 17970000"
104726,BAIRRO CORREGO DO PAU DALHO,171965,"COR PAU DALHO, SN - CENTRO - 17970000"
104728,SITIO SAO JOAQUIM,171869,"TAQUARA BRANCA, SN - CENTRO - 17970000"
104730,BAIRRO DO PAU DALHO,171966,"BAIRRO DO PAU DALHO, SN - CENTRO - 17970000"
104731,IZIDORO CENEDEZI,171967,"TABAJARINHA, SN - CENTRO - 17930000"
104732,BAIRRO TABAJARINHA II,171967,"TABAJARINHA, SN - CENTRO - 17930000"
104733,BAIRRO GLEBA SECA,171968,"GLEBA SECA, SN - CENTRO - 17930000"
104734,BAIRRO TABAJARINHA 1,171967,"TABAJARINHA, SN - CENTRO - 17930000"
104735,BAIRRO CORRENTAO,171969,"CORRENTAO, SN - CENTRO - 17930000"
104736,BAIRRO BARRO PRETOPRIMEIRA,171970,"BARRO PRETO, SN - CENTRO - 17930000"
104737,BAIRRO BROTINHO,171971,"BROTINHO, SN - CENTRO - 17930000"
104738,BAIRRO BANDEIRANTESEGUNDA,171972,"BANDEIRANTES, SN - CENTRO - 17930000"
104739,BAIRRO BARRO PRETOSEGUNDA,171970,"BARRO PRETO, SN - CENTRO - 17930000"
104740,FAZENDA SANTA LUIZA,171973,"FAZENDA SANTA LUIZA, SN - CENTRO - 17920000"
133486,BAIRRO BANDEIRANTESPRIMEIRA,171974,"B BANDEIRANTES, SN - CENTRO - 17930000"
104741,ANTAS,171975,"BAIRRO DAS ANTAS, SN - CENTRO - 17930000"
104742,BAIRRO BARRO PRETO DE BAIXO,171976,"BAIRRO BARRO PRETO DE BAIXO, SN - CENTRO - 17930000"
133487,BAIRRO JATOBATERCEIRA,171977,"JATOBA, SN - CENTRO - 17930000"
104744,BAIRRO GRACIANOPOLIS,171978,"BAIRRO GRACIANOPOLIS, SN - CENTRO - 17930000"
104745,BAIRRO BARRO PRETO DE CIMA 89,171979,"B PR DE CIMA, SN - CENTRO - 17930000"
104746,BROTINHO,171971,"BROTINHO, SN - CENTRO - 17930000"
133488,BAIRRO SAO JOSE DO GUARACIABA,171980,"GUARACIABA, SN - CENTRO - 17930000"
104747,SITIO SAO JOAO,171981,"SITIO SAO JOAO, SN - CENTRO - 17930000"
104748,SITIO CAFEZINHO,171982,"SITIO CAFEZINHO, SN - CENTRO - 17930000"
104749,BAIRRO SANTA AMELIA,171983,"SANTA AMELIA, SN - CENTRO - 17930000"
104750,BAIRRO SANTA AMELIA,171983,"SANTA AMELIA, SN - CENTRO - 17930000"
104751,BAIRRO JATOBA 144,171977,"JATOBA, SN - CENTRO - 17930000"
133489,JATOBA,171977,"JATOBA, SN - CENTRO - 17930000"
104752,BARRO PRETO DE CIMA,171970,"BARRO PRETO, SN - CENTRO - 17930000"
104753,BAIRRO BARRO PRETO DE CIMA,171984,"BAIRRO BARRO PRETO DE CIMA, SN - CENTRO - 17930000"
104754,SITIO SAO SEBASTIAO 147,171985,"SAO SEBASTIAO, SN - CENTRO - 17930000"
104755,DISTRITO DE OASIS,171986,"DISTRITO DE OASIS, SN - CENTRO - 17930000"
133490,BAIRRO GLEBA SECA,171968,"GLEBA SECA, SN - CENTRO - 17930000"
104756,BAIRRO DAS ANTAS,171975,"BAIRRO DAS ANTAS, SN - CENTRO - 17930000"
104757,BAIRRO JATOBA 094,171977,"JATOBA, SN - CENTRO - 17930000"
104758,SITIO SAO JOAO,171981,"SITIO SAO JOAO, SN - CENTRO - 17930000"
104759,BAIRRO TABAJARINHA 086,171967,"TABAJARINHA, SN - CENTRO - 17930000"
104764,FAZENDA CALIFORNIA,171987,"FAZENDA CALIFORNIA, SN - CENTRO - 17760000"
104765,FAZENDA CALIFORNIA,171987,"FAZENDA CALIFORNIA, SN - CENTRO - 17760000"
104766,CARAMURU,171988,"FAZENDA CARAMURU, SN - CENTRO - 17760000"
104767,NOVA OROITE,171989,"NOVA OROITE, SN - CENTRO - 17760000"
104768,FAZENDA OROITE,171990,"FAZENDA OROITE, SN - CENTRO - 17760000"
104769,FAZENDA CARAMURU,171988,"FAZENDA CARAMURU, SN - CENTRO - 17760000"
104770,COLONIA PRIMAVERA,171987,"FAZENDA CALIFORNIA, SN - CENTRO - 17760000"
133493,BAIRRO CANGUCU,171991,"BAIRRO CANGUCU, SN - CENTRO - 17700000"
104771,IGREJA CANGUCU,171991,"BAIRRO CANGUCU, SN - CENTRO - 17700000"
104772,BAIRRO TRES CASAS,171992,"FAZENDA TRES CASAS, SN - CENTRO - 17700000"
104773,SITIO DOS NANI,171993,"SITIO IRMAOS NANI, SN - CENTRO - 17700000"
104774,FAZENDA IEPE,171994,"FAZENDA IEPE, SN - CENTRO - 17700000"
104775,BAIRRO TRES CASAS,171995,"BAIRRO TRES CASAS, SN - CENTRO - 17700000"
133494,SITIO IRMAOS NANI,171993,"SITIO IRMAOS NANI, SN - CENTRO - 17700000"
133495,SITIO DOS COQUEIROS,171996,"BAIRRO DOS COQUEIROS, SN - CENTRO - 17700000"
104778,FAZENDA CORACAO DE JESUS,171997,"FAZENDA CORACAO DE JESUS, SN - CENTRO - 17700000"
104779,FAZENDA IPAMERI,171998,"FAZENDA IPAMERI, SN - CENTRO - 17700000"
104780,FAZENDA BOA VENTURA,171999,"FAZENDA BOA ESPERANCA, SN - CENTRO - 17700000"
133496,BAIRRO DOS COQUEIROS,171996,"BAIRRO DOS COQUEIROS, SN - CENTRO - 17700000"
104781,FAZENDA SUICA DO IPAMERI,171998,"FAZENDA IPAMERI, SN - CENTRO - 17700000"
104782,FAZENDA BOA VENTURA,171999,"FAZENDA BOA ESPERANCA, SN - CENTRO - 17700000"
104786,BAIRRO LAGEADINHO,172000,"BAIRRO LAGEADINHO, SN - CENTRO - 17700000"
104787,FAZENDA SAO FRANCISCO,172001,"FAZENDA SAO FRANCISCO, SN - CENTRO - 17700000"
104788,FAZENDA SANTA LUZIA,172002,"FAZENDA SANTA LUZIA, SN - CENTRO - 17700000"
104789,BAIRRO LAGEADINHO,172000,"BAIRRO LAGEADINHO, SN - CENTRO - 17700000"
133498,FAZENDA LOURENCAO,172003,"BAIRRO LOURENCAO, SN - CENTRO - 17700000"
104790,FAZENDA SAO FRANCISCO DO BRANDAO,172001,"FAZENDA SAO FRANCISCO, SN - CENTRO - 17700000"
104791,FAZENDA SANTA IZABEL,172004,"FAZENDA SANTA IZABEL, SN - CENTRO - 17700000"
104792,BAIRRO LOURENCAO,172003,"BAIRRO LOURENCAO, SN - CENTRO - 17700000"
104793,BAIRRO PAULISTA,172005,"BAIRRO PAULISTA, SN - CENTRO - 17700000"
104794,FAZENDA SAO LUIZ,172006,"SITIO SAO LUIZ, SN - CENTRO - 17700000"
104795,ESTRADA TRES,172007,"BAIRRO ESTRADA TRES, SN - CENTRO - 17700000"
104796,BAIRRO DA USINA,172008,"BAIRRO DA USINA, SN - CENTRO - 17700000"
104798,FAZENDA BORGHETTI,172009,"FAZENDA BORGHETTI, SN - CENTRO - 17700000"
133500,BAIRRO DA USINA,172008,"BAIRRO DA USINA, SN - CENTRO - 17700000"
104799,NUCLEO PAULISTA,172005,"BAIRRO PAULISTA, SN - CENTRO - 17700000"
104800,BAIRRO CORREGO DRAVA,172010,"BAIRRO CORREGO DRAVA, SN - CENTRO - 17730000"
104801,FAZENDA SAO JOAO,172011,"FAZENDA SAO JOAO, SN - CENTRO - 17730000"
104802,FAZENDA SAO JOAO,172011,"FAZENDA SAO JOAO, SN - CENTRO - 17730000"
133501,BAIRRO DO CORREGO RICO,172012,"CORREGO RICO, SN - CENTRO - 17730000"
104803,BAIRRO DO CORREGO RICO,172012,"CORREGO RICO, SN - CENTRO - 17730000"
104804,BAIRRO DO CORREGO RICO,172012,"CORREGO RICO, SN - CENTRO - 17730000"
104805,BAIRRO BELUCI,172013,"BAIRRO BELUCI, SN - CENTRO - 17730000"
104806,BAIRRO BELUCI,172013,"BAIRRO BELUCI, SN - CENTRO - 17730000"
133502,BAIRRO DA NEGRINHA,172014,"BAIRRO DA NEGRINHA, SN - CENTRO - 17730000"
104807,BAIRRO DA NEGRINHA,172015,"NEGRINHA, SN - CENTRO - 17730000"
104808,BAIRRO MONTE ALEGRE,172016,"BAIRRO MONTE ALEGRE, SN - CENTRO - 17730000"
104809,SITIO SAO PAULO,172017,"SITIO SAO PAULO, SN - CENTRO - 17730000"
133503,BAIRRO CORREGO DRAVA,172010,"BAIRRO CORREGO DRAVA, SN - CENTRO - 17730000"
133504,BAIRRO TRES PONTES,172018,"BAIRRO TRES PONTES, SN - CENTRO - 17730000"
104813,FAZENDA NEGRINHA,172019,"FAZENDA NEGRINHA, SN - CENTRO - 17730000"
104814,FAZENDA MORALES,172020,"FAZENDA MORALES, SN - CENTRO - 17730000"
104815,PATRIMONIO VITORIA PAULISTA,172021,"PATRIMONIO VITORIA PAULISTA, SN - CENTRO - 17730000"
104816,PATRIMONIO VITORIA PAULISTA,172022,"PATR VITORIA PAULISTA, SN - CENTRO - 17730000"
104817,BAIRRO ALTO ITAUNA,172023,"BAIRRO ALTO ITAUNA, SN - CENTRO - 17730000"
133505,FAZENDA NEGRINHA,172019,"FAZENDA NEGRINHA, SN - CENTRO - 17730000"
104818,BAIRRO CORREGO SECO,172024,"BAIRRO CORREGO SECO, SN - CENTRO - 17730000"
104819,CORREGO SECO,172024,"BAIRRO CORREGO SECO, SN - CENTRO - 17730000"
104820,BAIRRO CORREGO SECO,172024,"BAIRRO CORREGO SECO, SN - CENTRO - 17730000"
104821,BAIRRO NUCLEO SAUDE,172025,"BAIRRO NUCLEO SAUDE, SN - CENTRO - 17730000"
133506,CORREGO ALTO ITAUNA,172026,"CORREGO ALTO ITAUNA, SN - CENTRO - 17730000"
104822,FAZENDA SAO DOMINGOS,172027,"FAZENDA SAO DOMINGOS, SN - CENTRO - 17730000"
104823,PATRIMONIO VITORIA 028,172028,"PATRIMONIO VITORIA, SN - CENTRO - 17730000"
104825,BAIRRO SESSAO ALTA,172029,"BAIRRO SESSAO ALTA, SN - CENTRO - 17730000"
133507,FAZENDA MORALES,172020,"FAZENDA MORALES, SN - CENTRO - 17730000"
104826,FAZENDA SANTO ANTONIO,172030,"FAZENDA SANTO ANTONIO, SN - CENTRO - 17730000"
104827,BAIRRO BARREIRINHO,172031,"BAIRRO BARREIRINHO, SN - CENTRO - 17740000"
104828,BAIRRO QUITEROI,172032,"BAIRRO QUITEROI, SN - CENTRO - 17740000"
104829,BAIRRO MONTE ALEGRE,172033,"BAIRRO MONTE ALEGRE, SN - CENTRO - 17740000"
104830,SITIO MONTE ALEGRE,172033,"BAIRRO MONTE ALEGRE, SN - CENTRO - 17740000"
133508,FAZENDA SANTO ANTONIO,172034,"FAZENDA SANTO ANTONIO, SN - CENTRO - 17740000"
104831,FAZENDA SANTO ANTONIO DO CACADOR,172034,"FAZENDA SANTO ANTONIO, SN - CENTRO - 17740000"
104832,BAIRRO BRI,172035,"BAIRRO BRI, SN - CENTRO - 17740000"
104833,BAIRRO BRI,172035,"BAIRRO BRI, SN - CENTRO - 17740000"
104834,BAIRRO ITAUNA,172036,"BAIRRO ITAUNA, SN - CENTRO - 17740000"
104835,SITIO COQUEIROS,172037,"SITIO COQUEIROS, SN - CENTRO - 17740000"
104836,NUCLEO JUREMA,172038,"BAIRRO JUREMA, SN - CENTRO - 17740000"
104837,SITIO BONATO,172039,"FAZENDA BONATO, SN - CENTRO - 17740000"
104838,FAZENDA BONATO  POR AGRUPAMENTO A ESCOLA 402837,172040,"SITIO BONATO, SN - CENTRO - 17740000"
104839,BAIRRO 80 ALQUEIRES,172041,"BAIRRO 80 ALQUEIRES, SN - CENTRO - 17740000"
104840,BAIRRO JUREMA,172038,"BAIRRO JUREMA, SN - CENTRO - 17740000"
104841,BAIRRO ITAQUI,165167,"BAIRRO ITAQUI, SN - CENTRO - 17740000"
133510,BAIRRO CASCATA,172042,"BAIRRO CASCATA, SN - CENTRO - 17740000"
104843,BAIRRO FRUTAL,172043,"BAIRRO FRUTAL, SN - CENTRO - 17740000"
104844,BAIRRO 200 ALQUEIRES,172044,"BAIRRO 200 ALQUEIRES, SN - CENTRO - 17740000"
133512,JARDIM SAO MATHEUS,172045,"JARDIM SAO MATHEUS, SN - CENTRO - 17740000"
104846,BAIRRO CASCATINHA,172046,"BAIRRO CASCATINHA, SN - CENTRO - 17740000"
104847,FAZENDA PINHEIRINHO,172047,"FAZENDA PINHEIRINHO, SN - CENTRO - 17740000"
133513,BAIRRO PINHEIRINHO,172048,"BAIRRO PINHEIRINHO, SN - CENTRO - 17740000"
104848,AGUA LIMPA,172049,"BAIRRO AGUA LIMPA, SN - CENTRO - 17740000"
104849,NUCLEO AGUA LIMPA,172049,"BAIRRO AGUA LIMPA, SN - CENTRO - 17740000"
104850,BAIRRO BOM SENSO,172050,"BAIRRO BOM SENSO, SN - CENTRO - 17740000"
104851,FAZENDA PINHEIRINHO,172047,"FAZENDA PINHEIRINHO, SN - CENTRO - 17740000"
104852,BAIRRO CASCATINHA,172046,"BAIRRO CASCATINHA, SN - CENTRO - 17740000"
133514,BAIRRO CASCATA,172042,"BAIRRO CASCATA, SN - CENTRO - 17740000"
104853,BAIRRO DRAVA,172051,"BAIRRO DRAVA, SN - CENTRO - 17740000"
104854,BAIRRO AGUA LIMPA,172049,"BAIRRO AGUA LIMPA, SN - CENTRO - 17740000"
104855,BAIRRO FRUTAL,172043,"BAIRRO FRUTAL, SN - CENTRO - 17740000"
104856,BAIRRO OLARIA,172052,"BAIRRO OLARIA, SN - CENTRO - 17740000"
133515,BAIRRO BOM SENSO,172050,"BAIRRO BOM SENSO, SN - CENTRO - 17740000"
104857,SITIO SAO JOSE,172053,"SITIO SAO JOSE, SN - CENTRO - 17710000"
104858,BAIRRO DOS MACACOS,172054,"BAIRRO DOS MACACOS, SN - CENTRO - 17710000"
104859,SITIO DOS MACACOS,172055,"SITIO DOS MACACOS, SN - CENTRO - 17710000"
104860,BAIRRO XV DE NOVEMBRO,172056,"BAIRRO XV DE NOVEMBRO, SN - CENTRO - 17710000"
104861,BAIRRO PAINEIRINHA,172057,"BAIRRO PAINEIRINHA, SN - CENTRO - 17710000"
133516,SITIO SAO JOSE,172053,"SITIO SAO JOSE, SN - CENTRO - 17710000"
104863,FAZENDA BANDEIRANTES,172058,"FAZENDA BANDEIRANTES, SN - CENTRO - 17720000"
104864,BAIRRO BARREIRO,172059,"BAIRRO BARREIRO, SN - CENTRO - 17720000"
133517,PAULO CLAUDIO DI MASE PROF,172060,"RODOVIA BAIRRO GUARANI, S/N - GUARANI - 17720000"
104865,BAIRRO NOVA ALIANCA,172061,"BAIRRO NOVA ALIANCA, SN - CENTRO - 17720000"
104866,FAZENDA COROADINHO,172062,"BAIRRO COROADINHO, SN - CENTRO - 17720000"
104867,BAIRRO SANTA LIDIA,172063,"BAIRRO SANTA LIDIA, SN - CENTRO - 17720000"
104868,COLONIA 2  FAZENDA CARAMURU,171988,"FAZENDA CARAMURU, SN - CENTRO - 17760000"
104869,BAIRRO COROADINHO,172062,"BAIRRO COROADINHO, SN - CENTRO - 17720000"
133518,FAZENDA BANDEIRANTES,172058,"FAZENDA BANDEIRANTES, SN - CENTRO - 17720000"
104871,FAZENDA ANGELA,172064,"FAZENDA ANGELA, SN - CENTRO - 17720000"
104872,FAZENDA TAMARA,172065,"FAZENDA TAMARA, SN - CENTRO - 17720000"
104873,FAZENDA BEM TE VI,172066,"FAZENDA BEM TE VI, SN - CENTRO - 17720000"
104874,BAIRRO KM 28,172067,"BAIRRO KM 28, SN - CENTRO - 19180000"
133519,NUCLEO DOS COSTAS,172068,"BAIRRO DOS COSTAS, SN - CENTRO - 19180000"
104875,BAIRRO SILVEIROPOLIS,172069,"BAIRRO SILVEIROPOLIS, SN - CENTRO - 19180000"
104876,NUCLEO SILVEIROPOLIS,172070,"SILVEIROPOLIS, SN - CENTRO - 19180000"
104877,BAIRRO DA GLORIA,172071,"BAIRRO DA GLORIA, SN - CENTRO - 19180000"
104878,BAIRRO JARACATIA,172072,"BAIRRO JARACATIA, SN - CENTRO - 19180000"
133520,BAIRRO BENAK,172073,"BAIRRO BENAK, SN - CENTRO - 19180000"
104880,BAIRRO CEM ALQUEIRES,172074,"BAIRRO CEM ALQUEIRES, SN - CENTRO - 19180000"
104881,BAIRRO ALTO ALEGRE,172075,"B ALTO ALEGRE, SN - CENTRO - 19180000"
104882,BAIRRO BONFIM,172076,"BAIRRO BONFIM, SN - CENTRO - 19180000"
104883,BAIRRO DA LONTRA,172077,"BAIRRO DA LONTRA, SN - CENTRO - 19180000"
133522,FAZENDA SANTANA,172078,"FAZENDA SANTANA, SN - CENTRO - 19180000"
104884,NUCLEO CEM ALQUEIRES,172079,"CEM ALQUEIRES, SN - CENTRO - 19180000"
104885,BAIRRO VERTENTE DO LIMOEIRO,172080,"VERTENTE DO LIMOEIRO, SN - PARQUE DOS PINHEIROS - 19160000"
104886,BAIRRO KM 27,172081,"BAIRRO KM 27, SN - PARQUE DOS PINHEIROS - 19160000"
104887,NUCLEO 27,172081,"BAIRRO KM 27, SN - PARQUE DOS PINHEIROS - 19160000"
133523,NUCLEO GUAICARA,172082,"BAIRRO GUAICARA, SN - PARQUE DOS PINHEIROS - 19160000"
104888,BAIRRO CORREGO ALVARES MACHADO,172083,"CORREGO ALVARES MACHADO, SN - PARQUE DOS PINHEIROS - 19160000"
104889,NUCLEO 1 DE MAIO,172084,"BAIRRO 1 DE MAIO, SN - PARQUE DOS PINHEIROS - 19160000"
104890,JARACATIA,172085,"JARACATIA, SN - PARQUE DOS PINHEIROS - 19160000"
133524,CORREGO DA PACA,172086,"CORREGO DA PACA, SN - PARQUE DOS PINHEIROS - 19160000"
104891,BAIRRO BANDEIRANTES,172087,"BANDEIRANTES, SN - PARQUE DOS PINHEIROS - 19160000"
104892,BAIRRO CRUZEIRO,172088,"CRUZEIRO, SN - PARQUE DOS PINHEIROS - 19160000"
104893,BAIRRO CRUZEIRO,172089,"BAIRRO CRUZEIRO, SN - PARQUE DOS PINHEIROS - 19160000"
133525,BAIRRO GUAICARA 035,172090,"B GUAICARA, SN - PARQUE DOS PINHEIROS - 19160000"
104894,NUCLEO MONTALVAO,172091,"MONTALVAO, SN - PARQUE DOS PINHEIROS - 19160000"
104895,NUCLEO SANTA LUZIA AGRUP A 403556,172092,"SANTA LUZIA, SN - PARQUE DOS PINHEIROS - 19160000"
104896,BAIRRO BOA ESPERANCA,172093,"BOA ESPERANCA, SN - PARQUE DOS PINHEIROS - 19160000"
104897,BAIRRO BOM JESUS,172094,"BAIRRO BOM JESUS, SN - PARQUE DOS PINHEIROS - 19160000"
133526,BAIRRO SANTA LUZIA,172095,"BAIRRO SANTA LUZIA, SN - PARQUE DOS PINHEIROS - 19160000"
104898,NUCLEO BOA ESPERANCA,172093,"BOA ESPERANCA, SN - PARQUE DOS PINHEIROS - 19160000"
104899,BAIRRO DA CONSERVA 031,172096,"B DA CONSERVA, SN - PARQUE DOS PINHEIROS - 19160000"
133527,BAIRRO NOSSA SENHORA DA VITORIA,172097,"BAIRRO NOSSA SRA DA VITORIA, SN - PARQUE DOS PINHEIROS - 19160000"
104900,BAIRRO DA FLORESTA,172098,"FLORESTA, SN - PARQUE DOS PINHEIROS - 19160000"
104901,BAIRRO LIMOEIRO,172099,"LIMOEIRO, SN - PARQUE DOS PINHEIROS - 19160000"
104903,BAIRRO MONTALVAO,172091,"MONTALVAO, SN - PARQUE DOS PINHEIROS - 19160000"
104904,BAIRRO CORREGO DA PACA,172086,"CORREGO DA PACA, SN - PARQUE DOS PINHEIROS - 19160000"
133528,BAIRRO PINDORAMA,172100,"PINDORAMA, SN - PARQUE DOS PINHEIROS - 19160000"
104905,FAZENDA LUZITANA,172101,"FAZENDA LUZITANA, SN - PARQUE DOS PINHEIROS - 19160000"
104906,SITIO MONTALVAO,172091,"MONTALVAO, SN - PARQUE DOS PINHEIROS - 19160000"
104907,SITIO DALAQUA,172102,"BAIRRO LIMOEIRO, SN - PARQUE DOS PINHEIROS - 19160000"
133529,BAIRRO JATIO,172103,"BAIRRO JATIO, SN - PARQUE DOS PINHEIROS - 19160000"
104908,COLONIA JATIO,172103,"BAIRRO JATIO, SN - PARQUE DOS PINHEIROS - 19160000"
104909,NUCLEO NOSSA SENHORA DA VITORIA,172104,"NOSSA SRA DA VITORIA, SN - PARQUE DOS PINHEIROS - 19160000"
104910,BAIRRO LUZITANA,172101,"FAZENDA LUZITANA, SN - PARQUE DOS PINHEIROS - 19160000"
133530,NUCLEO FLORESTA,172098,"FLORESTA, SN - PARQUE DOS PINHEIROS - 19160000"
104911,NUCLEO PINDORAMA,172105,"BAIRRO PINDORAMA, SN - PARQUE DOS PINHEIROS - 19160000"
133531,BAIRRO 1 DE MAIO,172084,"BAIRRO 1 DE MAIO, SN - PARQUE DOS PINHEIROS - 19160000"
104913,BAIRRO 27 038,172081,"BAIRRO KM 27, SN - PARQUE DOS PINHEIROS - 19160000"
104914,KM 27,172106,"KM 27, SN - PARQUE DOS PINHEIROS - 19160000"
133532,BAIRRO CORREGO DO MACACO,172107,"CORREGO DO MACACO, SN - PARQUE DOS PINHEIROS - 19160000"
104915,VERTENTE DO LIMOEIRO,172080,"VERTENTE DO LIMOEIRO, SN - PARQUE DOS PINHEIROS - 19160000"
104916,BAIRRO JARACATIA,172085,"JARACATIA, SN - PARQUE DOS PINHEIROS - 19160000"
104917,SITIO CORREGO DA PACA,172108,"CORREGO PACA, SN - PARQUE DOS PINHEIROS - 19160000"
104918,CLASSE PROVDA EEPG PROFMIGUEL OBARRETO,172109,"RGUSTAVO AMARCELITO SN, SN -  - 19100000"
104919,CLASSE PROVDA EEPG PROFMIGUEL OBARRETO,172109,"RGUSTAVO AMARCELITO SN, SN -  - 19100000"
104920,CLASSE PROVDA EEPG PROFMIGUEL OBARRETO,172110,"RGUSTAVO A MARCELITO SN, SN -  - 19100000"
104921,PROFA NIRMA JORGE,172111,"PROFANIRMA JORGE, SN -  - 19100000"
104922,KM 35,172112,"ESTRADA PARA AMELIOPOLIS, SN -  - 19100000"
133534,CLASSE PROVDA EEPG PROFMIGUEL OBARRETO,172109,"RGUSTAVO AMARCELITO SN, SN -  - 19100000"
104923,CLPROVJUNTO A EEPG PROFMIGUEL OMAR BARRETO,172113,"R 15 S/N CHABITANA JACINTA, SN -  - 19100000"
104925,BAIRRO MANDAGUARI,172114,"BAIRRO MANDAGUARI, SN -  - 19100000"
104926,CLPROVJTO A EEPG PROFMIGUEL OMAR BARRETO,172115,"R15 S/N  CHAB ANA JACINTA, SN -  - 19100000"
104927,CLPROVJTO A EEPG MIGUEL OMAR BARRETO,172116,"R15 S/N CHABANA JACINTA, SN -  - 19100000"
104928,CLPROVJTO A EEPG PROFMIGUEL OMAR BARRETO,172117,"R15 S/N CHABITANA JACINTA, SN -  - 19100000"
104929,FAZENDA JACUTINGA SUL,171777,"FAZENDA JACUTINGA, SN - CENTRO - 17830000"
104930,BAIRRO PONTE ALTA,172118,"BAIRRO PONTE ALTA, SN -  - 19100000"
104931,PONTE ALTA,172118,"BAIRRO PONTE ALTA, SN -  - 19100000"
104932,CLPROVJTO A EEPG PROFMIGUEL OMAR BARRETO  QUINTA,172117,"R15 S/N CHABITANA JACINTA, SN -  - 19100000"
104933,SITIO ROMEU,172119,"BAIRRO ROMEU, SN -  - 19100000"
104934,BAIRRO DO ROMEU,172120,"BAIRRO DO ROMEU, SN -  - 19100000"
104935,NUCLEO SAO SEBASTIAO,172121,"EST FLORESTA DO SUL KM 16, SN -  - 19100000"
104936,SITIO MENEGUESSO,172122,"S MENEGUESSO, SN -  - 19100000"
133536,BAIRRO MUNDO NOVO,172123,"BAIRRO NOVO MUNDO, SN -  - 19100000"
104937,RANCHO DA TABOINHA,172124,"BAIRRO TRES PONTES, SN -  - 19100000"
104938,NUCLEO MAGALHAES,172125,"BAIRRO MAGALHAES, SN -  - 19100000"
104939,BAIRRO TIMBURI,172126,"BAIRRO TIMBURI, SN -  - 19100000"
104940,FAZENDA TRIUNFO,172127,"FAZENDA TRIUNFO, SN -  - 19100000"
104941,SITIO DOS RANCHOS,171779,"TRES PORTEIRAS, SN - CENTRO - 17830000"
104942,NUCLEO VILA VERA,172128,"NUCLEO VILA VERA, SN - CENTRO - 19190000"
104943,BAIRRO MONTALVAO,172129,"BAIRRO MONTALVAO, SN - CENTRO - 19190000"
104944,BAIRRO PRIMAVERA,172130,"BAIRRO PRIMAVERA, SN - CENTRO - 19190000"
104945,BAIRRO ALTO ALEGRE,172131,"BAIRRO ALTO ALEGRE, SN - CENTRO - 19190000"
133538,BAIRRO VILA VERA,172132,"BAIRRO VILA VERA, SN - CENTRO - 19190000"
104947,FAZENDA OTIAI 062,165192,"BAIRRO OTIAI, SN - CENTRO - 19190000"
104948,NUCLEO OTIAI,165192,"BAIRRO OTIAI, SN - CENTRO - 19190000"
104949,BAIRRO ALTO ALEGRE,172131,"BAIRRO ALTO ALEGRE, SN - CENTRO - 19190000"
133539,FAZENDA SANTA LUCILIA,172133,"AGROVILA LAGOA SAO PAULO, SN - CENTRO - 19450000"
104950,FAZENDA BARRO PRETO,172134,"BARRO PRETO, SN - CENTRO - 19470000"
104952,FAZENDA JAGUATIRICA,172135,"FAZENDA SANTA MALVINA, SN - CENTRO - 19450000"
104953,BAIRRO DA ALEGRIA,172136,"BAIRRO DA ALEGRIA, SN - CENTRO - 19450000"
104954,FAZENDA ALEGRIA,172137,"FAZ ALEGRIA, SN - CENTRO - 19450000"
133540,NUCLEO AREIA BRANCA,172138,"NUCLEO AREIA BRANCA, SN - CENTRO - 19430000"
104955,AGROVILA BOA ESPERANCA  UEAC,172139,"FAZENDA BOA ESPERANCA, SN - CENTRO - 19450000"
104956,COLONIA DA FAZENDA JAGUATIRICA,172135,"FAZENDA SANTA MALVINA, SN - CENTRO - 19450000"
104957,FAZENDA PANTALENA,172140,"FAZENDA PANTALENA, SN - CENTRO - 19450000"
104958,FAZENDA SANTO ANTONIO  UEAC,172141,"FAZENDA SANTO ANTONIO, SN - CENTRO - 19450000"
133541,FAZENDA MARKAKI,172142,"FAZENDA MARKAKI, SN - CENTRO - 19450000"
104959,FAZENDA SANTA MALVINA,172143,"FAZENDA SANTA MALVINA, SN - CENTRO - 19450000"
104960,FAZENDA SANTA RITA,172144,"FAZENDA SANTA RITA, SN - CENTRO - 19450000"
104961,FAZENDA SANTAREM,172145,"FAZENDA SATAREM, SN - CENTRO - 19450000"
104962,OLARIA URUBI,172146,"ROD RAPOSO TAVARES KM 650, SN - CENTRO - 19470000"
104963,FAZENDA SANTA ANGELINA,172147,"SANTA ANGELINA, SN - CENTRO - 19450000"
104965,FAZENDA NOSSA SENHORA DE FATIMA,172148,"N S DE FATIMA, SN - CENTRO - 19430000"
104966,CORREGO DAS ANTAS,172149,"RIB DAS ANTAS, SN - CENTRO - 19430000"
104967,FAZENDA CASCALHO,172150,"FAZENDA CASCALHO, SN - CENTRO - 19470000"
104968,FAZENDA CACHOEIRA,172151,"FAZ STA MARIA, SN - CENTRO - 19430000"
104969,FAZENDA VISTA ALEGRE,172152,"FAZENDA VISTA ALEGRE, SN - CENTRO - 19430000"
133543,RIBEIRAO AGUA RASA,172153,"OURINHO, SN - CENTRO - 19430000"
104970,LAGOA SAO PAULO,172154,"PROJETO LAGOA SAO PAULO, SN - CENTRO - 19470000"
104971,FAZENDA SAO JOSE,172155,"FAZ SAO JOSE, SN - CENTRO - 19430000"
104972,FAZENDA AGUA LIMPA,172156,"FAZENDA AGUA LIMPA, SN - CENTRO - 19470000"
104973,FAZENDA BELA VISTA,172157,"FAZ BELA VISTA, SN - CENTRO - 19430000"
75533,GLEBA FLORESTA,172158,"FAZ FLORESTA, SN - CENTRO - 19430000"
104974,GLEBA SECA,172159,"GLEBA SECA, SN - CENTRO - 19430000"
104975,FAZENDA ITAPIRANGA,172160,"FAZENDA ITAPIRANGA, SN - CENTRO - 19430000"
104976,FAZENDA MAIA,172161,"FAZ CAMBARA, SN - CENTRO - 19430000"
104977,FAZENDA SANTA MARIA,172162,"FAZENDA SANTA MARIA, SN - CENTRO - 19430000"
75943,FAZENDA QUIETINHA,172163,"FAZ QUIETINHA, SN - CENTRO - 19430000"
104978,ARRENDAMENTO DA FAZENDA QUIETINHA,172163,"FAZ QUIETINHA, SN - CENTRO - 19430000"
104979,RIBEIRAO DAS ANTAS,172149,"RIB DAS ANTAS, SN - CENTRO - 19430000"
76002,RIBEIRAO GRANDE,172164,"RIBEIRAO GRANDE, SN - CENTRO - 19430000"
76229,FAZENDA SANTA CLARA,172165,"FAZ STA CLARA, SN - CENTRO - 19430000"
104981,AREIA BRANCA,172166,"AREIA BRANCA, SN - CENTRO - 19430000"
104982,FAZENDA SAO JOAQUIM,172167,"FAZ S JOAQUIM, SN - CENTRO - 19430000"
104983,FAZENDA CRISTO REI,172168,"FAZ CRISTO REI, SN - CENTRO - 19430000"
104984,FAZENDA XAVIER,172169,"FAZENDA XAVIER, SN - CENTRO - 19430000"
104985,FAZENDA CACHOEIRA BONITA,172151,"FAZ STA MARIA, SN - CENTRO - 19430000"
104988,BAIRRO ARAPONGAS 161,172170,"ARAPONGAS, SN - CENTRO - 19410000"
104989,BAIRRO ARAPONGAS,172170,"ARAPONGAS, SN - CENTRO - 19410000"
104990,RIBEIRAO AGUA RASA,172171,"OURINHOS, SN - CENTRO - 19430000"
133545,RETA DO RIO DO PEIXE,172172,"RETA DO RIO DO PEIXE, SN - CENTRO - 19410000"
104991,CENTRO DE ATEND SOCIOEDUC AO ADOLESC JARDIM SAO LUIZ I CI,172173,"FREDERICO GROTTE, SN - JARDIM VERGUEIRO - 05818270"
104992,BAIRRO SAO BARTOLOMEU,172174,"S BARTOLOMEU, SN - CENTRO - 19410000"
104993,FAZENDA BOM JESUS,172175,"TRES ANAS, SN - CENTRO - 19410000"
104994,SITIO FERNANDES,172176,"SITIO FERNANDES, SN - CENTRO - 19410000"
104995,FAZENDA SCARIN,172177,"FAZENDA SCARIN, SN - CENTRO - 19410000"
133546,FAZENDA VILA RICA,172178,"FAZENDA VILA RICA, SN - CENTRO - 19410000"
104996,FAZENDA PRIMAVERA,172179,"FAZENDA PRIMAVERA, SN - CENTRO - 19400000"
104997,FAZENDA PACANHELI,172180,"RIBEIRAO CLARO, SN - CENTRO - 19410000"
104998,FAZENDA PALMARES,172181,"FAZENDA PALMARES, SN - CENTRO - 19410000"
104999,SITIO PELEGRINO,172180,"RIBEIRAO CLARO, SN - CENTRO - 19410000"
133547,BAIRRO RETA DO RIO DO PEIXE,172182,"RETA RIO PEIXE, SN - CENTRO - 19410000"
105000,FAZENDA SAO JOAO,172183,"FAZENDA SAO JOAO, SN - CENTRO - 19410000"
105001,FAZENDA FORTALEZA,172184,"FAZENDA FORTALEZA, SN - CENTRO - 19410000"
105005,FAZENDA PORTO VELHO,172185,"FAZENDA PORTO VELHO, SN - CENTRO - 19470000"
105006,BAIRRO VAI QUEM QUER,172186,"RESERVA FLORESTAL, SN - CENTRO - 19470000"
105007,FAZENDA AGUA NOVA,172187,"FAZENDA AGUA NOVA, SN - CENTRO - 19280000"
105008,DERRUBADA 40 ALQUEIRES,172188,"DERRUBADA 40 ALQUEIRES, SN - CENTRO - 19470000"
133549,CLASSES PROV 1 JTO A EEPG VILA ESPERANCA,172189,"AV TIBIRICA 333, SN - CENTRO - 19470000"
105009,LAGOA BONITA,172186,"RESERVA FLORESTAL, SN - CENTRO - 19470000"
105010,LAGOA DA COCEIRA,172186,"RESERVA FLORESTAL, SN - CENTRO - 19470000"
105011,LAGOA COMPRIDA,172186,"RESERVA FLORESTAL, SN - CENTRO - 19470000"
105016,FAZENDA SANTA MARIA,172190,"FAZENDA SANTA MARIA, SN - CENTRO - 19470000"
105017,DOS PESCADORES,172191,"SITIO BOA ESPARANCA, SN - CENTRO - 19470000"
105018,FAZENDA SANTA CRUZ 84,172192,"SANTA CRUAZ, SN - CENTRO - 19470000"
105020,FAZENDA LUREMA,172193,"FAZENDA LUREMA, SN - CENTRO - 11940000"
105021,FAZENDA BARRO PRETO,172194,"FAZENDA BARRO PRETO, SN - CENTRO - 19470000"
105022,FAZENDA RACHID 83,172195,"RACHIO, SN - CENTRO - 19470000"
133552,LAGOA SAO PAULO,172196,"FAZENDA BARRO PRETO, SN - CENTRO - 19470000"
105023,FAZENDA SANTA CRUZ CABRAL,172197,"FAZENDA SANTA CRUZ CABRAL, SN - CENTRO - 19470000"
105025,FAZENDA SANTA AMALIA,172198,"FAZENDA SANTA AMALIA, SN - CENTRO - 19470000"
105028,ARRENDAMENTO FAZENDA RACHID,172199,"FAZENDA RACHID, SN - CENTRO - 19490000"
105038,FAZENDA PIRACICABA,172200,"FAZENDA PIRACICABA, SN - CENTRO - 19470000"
105039,SITIO ITO,172186,"RESERVA FLORESTAL, SN - CENTRO - 19470000"
105040,SITIO PEDRINHO 90,172201,"SITIO PEDRINHO, SN - CENTRO - 19470000"
105041,ILHA LACERDA 89,172202,", SN - CENTRO - 19470000"
133556,RESERVA FLORESTAL,172186,"RESERVA FLORESTAL, SN - CENTRO - 19470000"
105042,ASSENTADOS UNIAO DA VITORIA 2,172203,"ASSENTADOS UNIAO DA VITORIA, SN -  - 00000000"
105043,AGROVILA 2,172154,"PROJETO LAGOA SAO PAULO, SN - CENTRO - 19470000"
105044,SITIO ALPAD,172204,"COLONIA ALPAD, SN - CENTRO - 19470000"
105046,FAZENDA SANTA CRUZ,172205,"FAZENDA SANTA CRUZ, SN - CENTRO - 19280000"
105047,FAZENDA SENIVEA,172206,"FAZENDA SENIVEA, SN - CENTRO - 19470000"
105048,BAIRRO ALPAD,172204,"COLONIA ALPAD, SN - CENTRO - 19470000"
105049,COLONIA BARRO PRETO,172194,"FAZENDA BARRO PRETO, SN - CENTRO - 19470000"
133559,CERAMICA URUBI,172207,"RODOVIA RAPOSO TAVARES KM 654, SN - CENTRO - 19470000"
105050,COLONIA ALPAD,172204,"COLONIA ALPAD, SN - CENTRO - 19470000"
105054,FAZENDA PRATINHA,172208,"PRATINHA, SN - CASCATA - 13890000"
105057,BAIRRO CAMPO DA AVIACAO,172209,"CAMPO DA AVIACAO, SN - CENTRO - 19400000"
105058,BAIRRO LAGOA SECA,172210,"LAGOA SECA, SN - CENTRO - 19400000"
105059,FAZENDA CLOTILDE 6,172211,"F CLOTILDE, SN - CENTRO - 19400000"
133561,FAZENDA CLOTILDE,172212,"FAZENDA CLOTILDE, SN - CENTRO - 19400000"
105060,BAIRRO DO SERRADO,172213,"FAZENDA FATIMA, SN - CENTRO - 19400000"
105061,FAZENDA TUPANCERITA 3,172214,"FAZENDA TUPANCERITA, SN - CENTRO - 19400000"
105062,RETIRO SANTA LUCINDA,172215,"FAZENDA SANTA LUCINDA, SN - CENTRO - 19400000"
105063,SERRARIA SAO PAULO,172216,"AYMORE, SN - CENTRO - 19400000"
105064,SITIO BARBOSA,172217,"SITIO BARBOSA, SN - CENTRO - 19400000"
133562,SITIO SANTA PAULA,172218,"SANTA PAULA, SN - CENTRO - 19400000"
105066,SITIO SANTA PAULA,172218,"SANTA PAULA, SN - CENTRO - 19400000"
105067,SERRARIA MADEIRAL,172219,"MADEIRAL, SN - CENTRO - 19400000"
105068,BAIRRO DAS PEDERNEIRAS,172220,"PEDERNEIRAS, SN - CENTRO - 19400000"
105069,FAZENDA RIBEIRAO CLARO,172221,"FAZENDA RIBEIRAO CLARO, SN - CENTRO - 19400000"
105070,RETIRO SANTA LUCINDA,172222,"RETIRO SANTA LUCINDA, SN - CENTRO - 19400000"
105071,BAIRRO DA FIGUEIRA 10,172223,", SN - CENTRO - 19400000"
105072,LAGOA SECA,172210,"LAGOA SECA, SN - CENTRO - 19400000"
105073,FAZENDA PEDERNEIRAS,172220,"PEDERNEIRAS, SN - CENTRO - 19400000"
133564,BAIRRO DA VOLTA GRANDE,172224,"VOLTA GRANDE, SN - CENTRO - 19400000"
105074,FAZENDA RIBEIRAO CLARO,172225,"RIBEIRAO CLARO, SN - CENTRO - 19400000"
105075,FAZENDA DOVARGI,172226,"BAIRRO DOVARGI, SN - CENTRO - 19400000"
105076,FAZENDA BELA VISTA,172227,"FAZENDA BELA VISTA, SN - CENTRO - 19400000"
105077,FAZENDA CHICO FERRO,172228,"FAZENDA CHICO FERRO, SN - CENTRO - 19400000"
133565,CLASSES PROV 2 JTO A EEPG VILA ESPERANCA,172189,"AV TIBIRICA 333, SN - CENTRO - 19470000"
133566,FAZENDA SANTA TEREZINHA,172229,"SANTA TEREZINHA, SN - CENTRO - 19400000"
133567,CORREGO DOVARGI,172230,"DOVARGI, SN - CENTRO - 19400000"
105079,FAZENDA CLOTILDE,172212,"FAZENDA CLOTILDE, SN - CENTRO - 19400000"
105080,SERRARIA MADEIRAL 12,172231,"SERRARIA MADEIRAL, SN - CENTRO - 19400000"
105081,FAZENDA MARAVILHA,172232,"FAZENDA MARAVILHA, SN - CENTRO - 19400000"
105082,COLONIA SANTA RITA,172233,"SITIO SANTA RITA, SN - CENTRO - 19280000"
